participant,age,female,condition,target1,target2,target3,target4,target5
02_RB,30,0,vertical,0=imp,1=imp,4=imp,6=imp,9=nimp
02_RB,30,0,vertical,0=imp,1=imp,3=imp,4=imp,9=nimp
02_RB,30,0,horizontal,0=imp,2=imp,3=imp,5=nimp,7=imp
02_RB,30,0,horizontal,3=imp,4=nimp,5=nimp,6=imp,8=nimp
02_RB,30,0,horizontal,0=imp,1=imp,2=imp,4=imp,8=imp
02_RB,30,0,vertical,0=imp,1=imp,2=imp,3=imp,6=nimp
02_RB,30,0,horizontal,1=imp,2=imp,5=imp,6=nimp,7=nimp
02_RB,30,0,vertical,0=imp,1=imp,3=imp,8=nimp,9=imp
02_RB,30,0,vertical,0=imp,1=imp,3=imp,8=imp,9=nimp
02_RB,30,0,vertical,0=imp,1=nimp,3=imp,4=imp,9=imp
02_RB,30,0,horizontal,0=imp,1=imp,4=imp,6=imp,7=nimp
02_RB,30,0,vertical,0=imp,2=imp,3=imp,4=nimp,8=nimp
02_RB,30,0,vertical,0=imp,2=imp,4=imp,5=nimp,9=imp
02_RB,30,0,horizontal,1=nimp,2=imp,3=imp,8=nimp,9=imp
02_RB,30,0,vertical,0=imp,1=nimp,3=imp,6=imp,9=imp
02_RB,30,0,horizontal,1=imp,2=imp,3=imp,5=imp,8=nimp
02_RB,30,0,vertical,0=imp,2=imp,3=imp,8=imp,9=imp
02_RB,30,0,horizontal,0=imp,3=imp,4=imp,6=imp,7=nimp
02_RB,30,0,horizontal,0=imp,1=imp,2=imp,6=imp,8=imp
02_RB,30,0,vertical,0=imp,1=imp,4=nimp,6=imp,7=imp
02_RB,30,0,horizontal,0=imp,1=imp,2=imp,4=imp,8=imp
02_RB,30,0,horizontal,0=imp,2=imp,3=imp,5=imp,9=nimp
02_RB,30,0,horizontal,1=imp,3=nimp,4=nimp,6=imp,7=nimp
02_RB,30,0,vertical,0=imp,2=imp,5=nimp,7=imp,8=imp
02_RB,30,0,horizontal,0=imp,1=imp,2=imp,3=imp,6=imp
02_RB,30,0,vertical,0=imp,1=imp,2=imp,3=imp,4=nimp
02_RB,30,0,vertical,0=imp,1=imp,2=imp,4=imp,6=nimp
02_RB,30,0,vertical,0=imp,1=imp,4=imp,5=imp,7=nimp
02_RB,30,0,horizontal,1=imp,2=imp,3=imp,5=nimp,6=imp
02_RB,30,0,horizontal,0=imp,1=imp,5=imp,6=imp,9=imp
02_RB,30,0,vertical,0=imp,1=imp,3=imp,6=nimp,9=nimp
02_RB,30,0,horizontal,0=imp,1=imp,3=imp,4=imp,6=imp
02_RB,30,0,vertical,0=imp,1=imp,5=imp,6=imp,9=imp
02_RB,30,0,horizontal,0=imp,2=imp,3=imp,4=imp,7=imp
02_RB,30,0,vertical,0=imp,1=imp,2=imp,4=imp,7=imp
02_RB,30,0,horizontal,0=imp,1=imp,2=imp,4=imp,8=imp
02_RB,30,0,horizontal,1=imp,2=imp,3=imp,7=imp,8=nimp
02_RB,30,0,vertical,0=imp,1=imp,2=imp,4=imp,5=imp
02_RB,30,0,vertical,1=imp,2=imp,3=nimp,5=imp,9=imp
02_RB,30,0,horizontal,0=imp,1=imp,2=imp,5=nimp,9=imp
02_RB,30,0,horizontal,1=nimp,2=imp,3=imp,5=imp,7=imp
02_RB,30,0,vertical,0=imp,2=imp,7=imp,8=imp,9=imp
02_RB,30,0,vertical,0=imp,1=imp,6=imp,7=imp,9=imp
02_RB,30,0,vertical,0=imp,2=imp,3=imp,5=imp,6=nimp
02_RB,30,0,vertical,0=imp,1=imp,3=imp,4=imp,9=imp
02_RB,30,0,horizontal,0=imp,2=imp,6=imp,7=imp,8=nimp
02_RB,30,0,horizontal,0=imp,1=imp,2=imp,4=imp,6=imp
02_RB,30,0,horizontal,0=imp,1=imp,2=imp,3=imp,5=imp
02_RB,30,0,vertical,0=imp,2=imp,3=imp,4=imp,6=imp
02_RB,30,0,vertical,0=imp,1=imp,3=imp,5=imp,7=nimp
02_RB,30,0,horizontal,0=imp,1=imp,4=imp,5=imp,6=imp
02_RB,30,0,vertical,1=imp,2=imp,3=imp,6=nimp,8=imp
02_RB,30,0,horizontal,0=imp,1=imp,3=imp,4=imp,6=nimp
02_RB,30,0,horizontal,0=imp,1=imp,2=imp,3=imp,5=imp
02_RB,30,0,horizontal,1=imp,2=imp,3=imp,4=nimp,6=nimp
02_RB,30,0,vertical,0=imp,1=imp,2=imp,3=imp,5=imp
02_RB,30,0,vertical,0=imp,1=imp,2=imp,3=nimp,6=imp
02_RB,30,0,horizontal,0=imp,2=imp,5=imp,6=nimp,8=imp
02_RB,30,0,horizontal,0=imp,3=imp,4=imp,5=nimp,7=imp
02_RB,30,0,vertical,0=imp,1=imp,2=imp,5=nimp,7=imp
03_WB,28,0,horizontal,1=imp,2=imp,3=imp,4=nimp,7=imp
03_WB,28,0,horizontal,0=imp,1=imp,2=imp,4=imp,6=imp
03_WB,28,0,vertical,0=imp,1=imp,3=imp,4=imp,5=imp
03_WB,28,0,horizontal,3=nimp,4=imp,6=imp,8=nimp,9=nimp
03_WB,28,0,vertical,0=imp,1=imp,2=imp,5=imp,9=imp
03_WB,28,0,horizontal,0=imp,1=imp,2=imp,3=imp,6=imp
03_WB,28,0,vertical,1=imp,2=imp,4=imp,6=nimp,8=imp
03_WB,28,0,vertical,0=imp,1=imp,3=imp,4=imp,6=imp
03_WB,28,0,horizontal,0=imp,1=imp,2=imp,4=imp,6=nimp
03_WB,28,0,vertical,0=imp,2=imp,3=imp,4=nimp,8=nimp
03_WB,28,0,horizontal,0=imp,2=imp,3=imp,6=imp,8=imp
03_WB,28,0,vertical,0=imp,2=imp,4=imp,6=imp,9=nimp
03_WB,28,0,horizontal,0=imp,1=imp,2=imp,4=imp,6=nimp
03_WB,28,0,vertical,0=imp,1=imp,2=imp,3=imp,8=imp
03_WB,28,0,vertical,0=imp,1=imp,4=imp,5=nimp,9=imp
03_WB,28,0,horizontal,0=imp,2=imp,4=imp,5=nimp,6=imp
03_WB,28,0,vertical,2=imp,5=imp,6=nimp,8=nimp,9=nimp
03_WB,28,0,vertical,0=imp,1=imp,2=imp,4=imp,8=imp
03_WB,28,0,horizontal,0=imp,1=imp,2=imp,3=imp,5=imp
03_WB,28,0,vertical,0=imp,1=imp,2=imp,4=imp,5=imp
03_WB,28,0,horizontal,1=imp,2=imp,4=imp,5=imp,6=nimp
03_WB,28,0,horizontal,0=imp,1=imp,5=imp,8=imp,9=nimp
03_WB,28,0,vertical,1=imp,2=imp,3=imp,4=nimp,9=imp
03_WB,28,0,horizontal,0=imp,1=imp,2=imp,3=imp,6=imp
03_WB,28,0,horizontal,2=imp,3=imp,6=imp,8=imp,9=nimp
03_WB,28,0,vertical,1=imp,2=imp,3=imp,5=imp,8=nimp
03_WB,28,0,horizontal,0=imp,1=imp,2=imp,4=imp,9=imp
03_WB,28,0,horizontal,0=imp,3=imp,4=imp,6=nimp,8=imp
03_WB,28,0,vertical,0=imp,2=imp,3=imp,6=imp,9=nimp
03_WB,28,0,horizontal,0=imp,1=imp,3=imp,4=imp,7=imp
03_WB,28,0,horizontal,0=imp,2=imp,5=imp,8=nimp,9=nimp
03_WB,28,0,horizontal,0=imp,1=imp,2=imp,3=imp,4=imp
03_WB,28,0,horizontal,1=imp,2=imp,6=nimp,8=imp,9=imp
03_WB,28,0,horizontal,0=imp,1=imp,2=imp,4=imp,8=imp
03_WB,28,0,vertical,0=imp,1=imp,2=imp,4=imp,6=imp
03_WB,28,0,vertical,0=imp,1=imp,2=imp,5=imp,7=imp
03_WB,28,0,horizontal,1=imp,3=nimp,4=nimp,5=imp,8=imp
03_WB,28,0,vertical,0=imp,1=imp,2=imp,3=imp,9=nimp
03_WB,28,0,horizontal,0=imp,3=imp,4=imp,5=imp,6=nimp
03_WB,28,0,vertical,0=imp,1=imp,2=imp,4=imp,6=imp
03_WB,28,0,vertical,0=imp,1=imp,6=nimp,8=imp,9=imp
03_WB,28,0,vertical,0=imp,1=imp,2=imp,3=imp,4=nimp
03_WB,28,0,vertical,0=imp,2=imp,3=imp,4=imp,8=imp
03_WB,28,0,horizontal,0=imp,1=imp,2=imp,4=imp,7=imp
03_WB,28,0,vertical,0=imp,1=imp,2=imp,4=imp,8=imp
03_WB,28,0,vertical,0=imp,1=imp,2=imp,3=imp,7=imp
03_WB,28,0,horizontal,0=imp,3=nimp,4=imp,5=nimp,6=imp
03_WB,28,0,vertical,0=imp,1=imp,2=imp,6=imp,9=imp
03_WB,28,0,vertical,0=imp,1=imp,7=imp,8=imp,9=nimp
03_WB,28,0,vertical,1=imp,2=nimp,4=imp,7=imp,9=imp
03_WB,28,0,horizontal,0=imp,2=imp,3=imp,4=nimp,5=imp
03_WB,28,0,horizontal,0=imp,1=imp,3=imp,7=imp,8=nimp
03_WB,28,0,horizontal,1=nimp,4=nimp,5=imp,6=nimp,7=imp
03_WB,28,0,vertical,0=imp,1=imp,2=imp,4=imp,5=imp
03_WB,28,0,vertical,0=imp,1=imp,2=imp,3=imp,6=imp
03_WB,28,0,horizontal,0=imp,1=imp,3=imp,4=imp,8=imp
03_WB,28,0,vertical,0=imp,2=nimp,3=imp,5=imp,8=nimp
03_WB,28,0,vertical,0=imp,2=imp,4=imp,5=imp,9=imp
03_WB,28,0,horizontal,0=imp,2=imp,3=imp,6=imp,9=imp
03_WB,28,0,horizontal,0=imp,1=imp,2=imp,5=imp,7=imp
04_SP,28,0,horizontal,0=imp,2=imp,5=imp,8=imp,9=imp
04_SP,28,0,vertical,0=imp,1=imp,4=nimp,8=imp,9=imp
04_SP,28,0,horizontal,0=imp,1=imp,3=imp,5=imp,8=imp
04_SP,28,0,horizontal,0=imp,2=imp,3=imp,5=imp,6=imp
04_SP,28,0,horizontal,0=imp,2=imp,4=imp,6=imp,8=imp
04_SP,28,0,horizontal,1=imp,3=imp,4=imp,7=nimp,8=imp
04_SP,28,0,vertical,0=imp,1=imp,2=imp,3=imp,6=imp
04_SP,28,0,vertical,0=imp,1=imp,2=imp,3=imp,9=nimp
04_SP,28,0,vertical,0=imp,3=imp,4=imp,5=nimp,6=nimp
04_SP,28,0,horizontal,0=imp,1=imp,2=imp,4=imp,5=imp
04_SP,28,0,horizontal,0=imp,2=imp,3=imp,5=imp,9=imp
04_SP,28,0,horizontal,0=imp,2=imp,3=imp,7=imp,9=nimp
04_SP,28,0,horizontal,0=imp,1=imp,2=imp,3=imp,5=imp
04_SP,28,0,vertical,0=imp,2=imp,3=imp,6=imp,8=imp
04_SP,28,0,vertical,0=imp,1=imp,2=imp,5=imp,7=nimp
04_SP,28,0,vertical,0=imp,2=imp,4=nimp,5=imp,6=imp
04_SP,28,0,horizontal,0=imp,1=imp,2=imp,3=imp,4=imp
04_SP,28,0,vertical,0=imp,1=imp,5=nimp,7=imp,8=imp
04_SP,28,0,horizontal,0=imp,1=imp,2=imp,3=imp,5=imp
04_SP,28,0,vertical,0=imp,1=imp,2=imp,4=imp,6=imp
04_SP,28,0,vertical,0=imp,1=imp,3=nimp,4=imp,6=imp
04_SP,28,0,vertical,0=imp,1=imp,2=imp,5=imp,6=imp
04_SP,28,0,horizontal,0=imp,1=imp,5=imp,6=imp,8=imp
04_SP,28,0,horizontal,0=imp,1=imp,2=imp,4=imp,5=imp
04_SP,28,0,horizontal,0=imp,1=imp,2=imp,3=imp,6=imp
04_SP,28,0,vertical,0=imp,2=imp,3=imp,5=imp,6=imp
04_SP,28,0,vertical,0=imp,1=imp,2=imp,3=imp,4=imp
04_SP,28,0,vertical,0=imp,1=imp,2=imp,3=nimp,4=imp
04_SP,28,0,horizontal,0=imp,1=imp,2=imp,3=imp,8=imp
04_SP,28,0,vertical,0=imp,1=imp,2=imp,5=imp,7=imp
04_SP,28,0,vertical,0=imp,1=imp,2=imp,6=imp,7=imp
04_SP,28,0,horizontal,0=imp,2=imp,4=imp,6=imp,8=imp
04_SP,28,0,horizontal,0=imp,3=imp,5=imp,7=imp,8=nimp
04_SP,28,0,horizontal,0=imp,1=imp,4=imp,5=imp,6=imp
04_SP,28,0,horizontal,1=imp,2=nimp,3=imp,5=imp,6=imp
04_SP,28,0,vertical,0=imp,1=imp,3=imp,4=imp,9=nimp
04_SP,28,0,vertical,1=imp,2=nimp,4=imp,5=imp,9=nimp
04_SP,28,0,vertical,0=imp,2=imp,3=imp,4=imp,7=imp
04_SP,28,0,horizontal,0=imp,2=imp,3=imp,5=nimp,9=imp
04_SP,28,0,horizontal,0=imp,1=imp,2=imp,3=imp,6=imp
04_SP,28,0,vertical,1=imp,3=imp,6=imp,7=nimp,8=imp
04_SP,28,0,horizontal,0=imp,1=imp,2=imp,3=imp,4=imp
04_SP,28,0,vertical,0=imp,1=imp,3=imp,4=imp,7=imp
04_SP,28,0,vertical,0=imp,1=imp,2=imp,5=imp,6=nimp
04_SP,28,0,horizontal,1=imp,3=imp,4=imp,5=nimp,9=nimp
04_SP,28,0,horizontal,0=imp,1=imp,2=imp,6=imp,8=imp
04_SP,28,0,vertical,0=imp,1=imp,2=imp,4=imp,8=imp
04_SP,28,0,vertical,0=imp,2=imp,3=imp,4=imp,7=imp
04_SP,28,0,vertical,0=imp,1=imp,2=imp,5=imp,7=imp
04_SP,28,0,horizontal,0=imp,1=imp,3=imp,4=imp,5=imp
04_SP,28,0,vertical,0=imp,1=imp,2=imp,6=imp,9=imp
04_SP,28,0,horizontal,0=imp,1=imp,2=imp,4=imp,5=imp
04_SP,28,0,vertical,0=imp,1=imp,2=imp,4=imp,7=imp
04_SP,28,0,horizontal,0=imp,1=imp,4=nimp,5=imp,8=imp
04_SP,28,0,horizontal,0=imp,1=imp,3=imp,6=imp,9=imp
04_SP,28,0,vertical,1=imp,5=imp,6=imp,8=nimp,9=nimp
04_SP,28,0,horizontal,0=imp,2=imp,3=imp,4=imp,5=imp
04_SP,28,0,horizontal,0=imp,1=imp,2=imp,3=imp,9=imp
04_SP,28,0,vertical,0=imp,1=imp,3=imp,5=imp,8=nimp
04_SP,28,0,vertical,0=imp,1=imp,3=imp,4=imp,9=imp
05_AJ,24,1,horizontal,0=imp,2=imp,3=imp,7=nimp,9=imp
05_AJ,24,1,vertical,0=imp,1=imp,2=imp,3=imp,5=nimp
05_AJ,24,1,vertical,1=imp,2=imp,3=imp,4=nimp,8=nimp
05_AJ,24,1,vertical,0=imp,2=imp,6=nimp,7=nimp,9=imp
05_AJ,24,1,vertical,0=imp,1=imp,2=imp,6=nimp,9=imp
05_AJ,24,1,horizontal,0=imp,2=imp,3=nimp,5=imp,6=imp
05_AJ,24,1,vertical,0=imp,2=imp,4=imp,5=nimp,7=imp
05_AJ,24,1,horizontal,0=imp,4=nimp,6=nimp,7=nimp,8=imp
05_AJ,24,1,vertical,0=imp,3=imp,5=nimp,6=imp,8=imp
05_AJ,24,1,vertical,0=imp,1=nimp,6=imp,7=imp,9=nimp
05_AJ,24,1,horizontal,1=imp,3=imp,4=imp,5=nimp,7=nimp
05_AJ,24,1,horizontal,2=imp,4=imp,6=nimp,7=nimp,9=nimp
05_AJ,24,1,vertical,0=imp,1=imp,2=imp,5=imp,6=imp
05_AJ,24,1,horizontal,3=nimp,4=nimp,5=imp,6=imp,8=nimp
05_AJ,24,1,horizontal,0=imp,1=imp,4=imp,5=imp,7=imp
05_AJ,24,1,vertical,2=nimp,4=nimp,5=imp,6=imp,8=imp
05_AJ,24,1,vertical,0=imp,4=imp,7=imp,8=nimp,9=imp
05_AJ,24,1,vertical,2=imp,3=nimp,4=nimp,6=imp,9=nimp
05_AJ,24,1,vertical,0=imp,1=imp,2=imp,3=nimp,8=nimp
05_AJ,24,1,vertical,0=imp,1=imp,2=imp,3=nimp,4=imp
05_AJ,24,1,horizontal,1=imp,3=nimp,4=nimp,5=imp,9=nimp
05_AJ,24,1,horizontal,0=imp,1=imp,2=imp,4=imp,8=imp
05_AJ,24,1,horizontal,1=imp,2=imp,4=nimp,6=nimp,9=imp
05_AJ,24,1,vertical,0=imp,1=imp,3=imp,8=nimp,9=imp
05_AJ,24,1,horizontal,0=imp,2=imp,3=imp,4=imp,5=imp
05_AJ,24,1,vertical,1=imp,2=nimp,4=imp,5=nimp,8=imp
05_AJ,24,1,horizontal,0=imp,2=imp,4=nimp,5=nimp,6=nimp
05_AJ,24,1,horizontal,1=imp,2=imp,7=imp,8=nimp,9=nimp
05_AJ,24,1,vertical,0=imp,1=imp,2=imp,3=imp,4=imp
05_AJ,24,1,horizontal,0=imp,1=imp,2=imp,3=nimp,6=nimp
05_AJ,24,1,horizontal,0=imp,3=imp,6=nimp,8=nimp,9=imp
05_AJ,24,1,horizontal,0=imp,1=imp,2=imp,4=imp,5=imp
05_AJ,24,1,horizontal,0=imp,2=imp,3=imp,4=nimp,7=nimp
05_AJ,24,1,vertical,0=imp,2=imp,3=imp,5=nimp,9=imp
05_AJ,24,1,vertical,0=imp,1=imp,2=nimp,7=imp,9=imp
05_AJ,24,1,vertical,2=imp,3=imp,4=imp,5=nimp,6=nimp
05_AJ,24,1,vertical,3=imp,4=nimp,5=nimp,6=imp,7=nimp
05_AJ,24,1,horizontal,0=imp,2=nimp,4=nimp,5=imp,9=imp
05_AJ,24,1,vertical,0=imp,2=nimp,3=imp,6=imp,7=nimp
05_AJ,24,1,horizontal,1=imp,2=imp,7=nimp,8=nimp,9=nimp
05_AJ,24,1,horizontal,3=imp,4=imp,5=nimp,7=nimp,9=imp
05_AJ,24,1,horizontal,1=imp,2=nimp,3=imp,4=imp,9=nimp
05_AJ,24,1,horizontal,0=imp,1=imp,3=imp,8=nimp,9=imp
05_AJ,24,1,vertical,1=imp,3=nimp,5=imp,6=nimp,7=nimp
05_AJ,24,1,horizontal,0=imp,1=imp,2=imp,4=imp,7=imp
05_AJ,24,1,vertical,0=imp,2=imp,4=imp,6=nimp,8=nimp
05_AJ,24,1,horizontal,2=imp,3=imp,4=nimp,7=imp,8=nimp
05_AJ,24,1,horizontal,1=imp,2=imp,4=imp,5=imp,6=nimp
05_AJ,24,1,vertical,2=imp,3=nimp,4=imp,6=imp,9=nimp
05_AJ,24,1,horizontal,0=imp,3=imp,5=imp,6=nimp,9=nimp
05_AJ,24,1,vertical,0=imp,3=imp,5=imp,7=imp,9=nimp
05_AJ,24,1,horizontal,1=nimp,3=imp,4=imp,5=nimp,7=imp
05_AJ,24,1,vertical,0=imp,2=imp,4=nimp,8=imp,9=nimp
05_AJ,24,1,vertical,0=imp,1=imp,5=imp,6=nimp,7=imp
05_AJ,24,1,vertical,0=imp,1=imp,2=nimp,3=imp,8=nimp
05_AJ,24,1,vertical,0=imp,2=imp,4=nimp,8=imp,9=nimp
05_AJ,24,1,vertical,0=imp,1=imp,2=imp,4=imp,7=nimp
05_AJ,24,1,horizontal,1=imp,5=nimp,6=nimp,8=nimp,9=nimp
05_AJ,24,1,horizontal,0=imp,3=imp,4=nimp,5=imp,6=nimp
05_AJ,24,1,horizontal,2=imp,3=imp,4=nimp,7=imp,9=nimp
06_OS,18,1,vertical,0=imp,3=imp,4=imp,6=nimp,7=nimp
06_OS,18,1,horizontal,0=imp,1=imp,4=imp,6=imp,8=imp
06_OS,18,1,vertical,0=imp,1=imp,4=nimp,5=imp,6=imp
06_OS,18,1,vertical,0=imp,2=nimp,3=imp,5=imp,6=nimp
06_OS,18,1,vertical,2=nimp,3=imp,4=imp,6=imp,7=nimp
06_OS,18,1,horizontal,0=imp,2=imp,3=imp,6=imp,8=nimp
06_OS,18,1,vertical,0=imp,2=imp,4=imp,6=imp,9=nimp
06_OS,18,1,vertical,0=imp,1=imp,2=nimp,4=imp,8=nimp
06_OS,18,1,horizontal,0=imp,3=imp,5=nimp,7=imp,8=imp
06_OS,18,1,vertical,0=imp,1=imp,3=imp,5=nimp,8=imp
06_OS,18,1,horizontal,1=imp,2=imp,3=nimp,4=imp,9=nimp
06_OS,18,1,vertical,0=imp,1=imp,2=imp,3=imp,7=imp
06_OS,18,1,horizontal,0=imp,2=imp,5=imp,8=imp,9=imp
06_OS,18,1,horizontal,0=imp,1=imp,2=imp,4=imp,5=imp
06_OS,18,1,horizontal,0=imp,2=imp,4=nimp,6=imp,8=imp
06_OS,18,1,horizontal,0=imp,1=imp,2=imp,3=imp,7=imp
06_OS,18,1,horizontal,0=imp,2=imp,3=imp,6=nimp,7=imp
06_OS,18,1,horizontal,0=imp,2=imp,4=imp,6=nimp,7=imp
06_OS,18,1,horizontal,0=imp,1=imp,2=imp,3=imp,4=nimp
06_OS,18,1,vertical,0=imp,1=imp,2=imp,3=imp,4=imp
06_OS,18,1,horizontal,0=imp,1=imp,3=imp,4=imp,5=imp
06_OS,18,1,vertical,0=imp,2=imp,3=nimp,4=imp,9=imp
06_OS,18,1,horizontal,0=imp,1=imp,2=imp,6=imp,9=imp
06_OS,18,1,vertical,0=imp,1=imp,2=imp,4=imp,7=nimp
06_OS,18,1,horizontal,1=imp,2=nimp,3=imp,5=imp,7=imp
06_OS,18,1,horizontal,0=imp,2=nimp,3=imp,5=imp,8=imp
06_OS,18,1,vertical,0=imp,1=imp,2=imp,3=imp,4=imp
06_OS,18,1,horizontal,0=imp,2=imp,3=imp,4=imp,5=imp
06_OS,18,1,vertical,0=imp,1=imp,3=nimp,4=imp,6=imp
06_OS,18,1,vertical,0=imp,1=imp,2=imp,5=imp,7=imp
06_OS,18,1,vertical,0=imp,2=nimp,3=imp,4=imp,6=nimp
06_OS,18,1,horizontal,0=imp,1=imp,2=imp,3=imp,6=imp
06_OS,18,1,vertical,0=imp,2=imp,3=nimp,5=imp,7=imp
06_OS,18,1,vertical,1=imp,2=imp,3=imp,5=imp,9=nimp
06_OS,18,1,vertical,0=imp,1=imp,4=imp,6=imp,9=nimp
06_OS,18,1,vertical,0=imp,2=imp,3=imp,4=imp,5=imp
06_OS,18,1,horizontal,0=imp,1=imp,2=imp,6=imp,8=imp
06_OS,18,1,vertical,0=imp,2=imp,4=imp,5=imp,6=imp
06_OS,18,1,vertical,1=imp,3=imp,5=imp,7=nimp,8=nimp
06_OS,18,1,vertical,0=imp,1=imp,2=imp,5=imp,6=imp
06_OS,18,1,horizontal,0=imp,1=imp,2=imp,3=imp,6=imp
06_OS,18,1,vertical,0=imp,1=imp,3=imp,6=nimp,8=imp
06_OS,18,1,horizontal,0=imp,3=imp,4=imp,5=nimp,8=imp
06_OS,18,1,horizontal,0=imp,1=imp,3=imp,5=imp,6=imp
06_OS,18,1,horizontal,0=imp,1=imp,2=imp,5=imp,7=imp
06_OS,18,1,vertical,0=imp,1=imp,3=imp,5=imp,8=imp
06_OS,18,1,vertical,0=imp,2=imp,3=imp,5=nimp,7=imp
06_OS,18,1,horizontal,1=imp,2=imp,6=nimp,7=nimp,8=imp
06_OS,18,1,vertical,0=imp,4=nimp,5=nimp,8=nimp,9=imp
06_OS,18,1,vertical,0=imp,1=imp,2=imp,4=nimp,9=imp
06_OS,18,1,horizontal,0=imp,3=imp,5=imp,6=nimp,8=imp
06_OS,18,1,vertical,0=imp,1=imp,3=imp,4=imp,9=imp
06_OS,18,1,horizontal,1=imp,2=imp,3=nimp,4=imp,9=imp
06_OS,18,1,vertical,1=imp,3=nimp,5=imp,6=nimp,8=imp
06_OS,18,1,horizontal,1=imp,3=imp,5=imp,7=imp,9=nimp
06_OS,18,1,vertical,0=imp,2=imp,3=nimp,4=imp,5=imp
06_OS,18,1,vertical,0=imp,1=imp,3=imp,7=imp,9=nimp
06_OS,18,1,vertical,0=imp,3=imp,4=imp,5=imp,7=imp
06_OS,18,1,vertical,0=imp,1=imp,2=imp,3=imp,5=imp
06_OS,18,1,horizontal,0=imp,1=imp,3=imp,4=imp,6=imp
06_OS,18,1,vertical,0=imp,1=imp,3=imp,6=nimp,8=imp
06_OS,18,1,horizontal,0=imp,1=imp,2=imp,3=imp,4=imp
06_OS,18,1,horizontal,0=imp,1=imp,2=imp,3=imp,6=imp
06_OS,18,1,horizontal,0=imp,3=nimp,4=imp,5=imp,7=imp
06_OS,18,1,vertical,0=imp,2=imp,3=imp,4=imp,6=imp
06_OS,18,1,horizontal,0=imp,1=imp,2=imp,3=imp,6=nimp
06_OS,18,1,vertical,0=imp,2=imp,4=imp,6=imp,8=nimp
06_OS,18,1,horizontal,0=imp,1=imp,2=imp,5=nimp,8=imp
07_SG,21,1,vertical,0=imp,1=imp,4=imp,6=imp,7=nimp
07_SG,21,1,vertical,0=imp,2=imp,3=imp,5=imp,8=imp
07_SG,21,1,vertical,0=imp,2=nimp,3=imp,4=imp,9=imp
07_SG,21,1,horizontal,1=imp,3=imp,4=imp,7=imp,8=nimp
07_SG,21,1,vertical,0=imp,1=imp,4=nimp,7=nimp,8=imp
07_SG,21,1,vertical,1=imp,4=nimp,5=nimp,6=imp,8=nimp
07_SG,21,1,horizontal,0=imp,1=imp,2=imp,3=imp,4=imp
07_SG,21,1,horizontal,0=imp,1=imp,2=imp,6=imp,9=imp
07_SG,21,1,vertical,0=imp,1=imp,2=imp,3=nimp,8=imp
07_SG,21,1,horizontal,0=imp,1=imp,2=imp,4=imp,5=imp
07_SG,21,1,horizontal,0=imp,3=imp,6=nimp,7=nimp,9=imp
07_SG,21,1,horizontal,0=imp,2=imp,3=nimp,4=imp,6=imp
07_SG,21,1,vertical,0=imp,2=nimp,4=imp,6=imp,9=nimp
07_SG,21,1,vertical,0=imp,1=imp,2=imp,3=imp,9=imp
07_SG,21,1,vertical,0=imp,2=nimp,3=imp,6=nimp,7=nimp
07_SG,21,1,vertical,0=imp,1=imp,2=imp,4=imp,6=nimp
07_SG,21,1,horizontal,0=imp,3=nimp,4=imp,5=imp,9=imp
07_SG,21,1,horizontal,0=imp,1=imp,2=imp,5=imp,6=imp
07_SG,21,1,vertical,0=imp,1=imp,3=imp,4=imp,6=imp
07_SG,21,1,horizontal,0=imp,1=imp,2=imp,4=imp,5=imp
07_SG,21,1,vertical,0=imp,1=imp,4=imp,5=imp,6=imp
07_SG,21,1,vertical,0=imp,1=imp,2=imp,5=imp,7=imp
07_SG,21,1,horizontal,0=imp,1=imp,4=imp,5=nimp,9=imp
07_SG,21,1,horizontal,0=imp,1=imp,2=imp,6=imp,8=imp
07_SG,21,1,horizontal,0=imp,1=imp,2=imp,4=imp,7=imp
07_SG,21,1,vertical,0=imp,1=imp,2=imp,4=imp,6=imp
07_SG,21,1,horizontal,0=imp,1=imp,2=imp,4=imp,5=imp
07_SG,21,1,vertical,0=imp,1=imp,2=imp,3=imp,9=imp
07_SG,21,1,vertical,0=imp,1=imp,2=imp,5=imp,6=imp
07_SG,21,1,horizontal,1=imp,3=imp,4=imp,6=nimp,9=imp
07_SG,21,1,horizontal,0=imp,1=imp,2=imp,3=imp,4=imp
07_SG,21,1,vertical,0=imp,1=imp,3=imp,4=imp,5=imp
07_SG,21,1,horizontal,0=imp,1=imp,3=nimp,6=imp,7=imp
07_SG,21,1,horizontal,0=imp,2=imp,4=imp,5=imp,8=imp
07_SG,21,1,horizontal,0=imp,2=imp,3=nimp,5=imp,6=imp
07_SG,21,1,horizontal,0=imp,1=imp,4=imp,5=imp,6=nimp
07_SG,21,1,horizontal,0=imp,1=imp,2=imp,5=nimp,9=imp
07_SG,21,1,horizontal,0=imp,2=imp,3=imp,4=imp,6=nimp
07_SG,21,1,vertical,1=imp,2=imp,3=nimp,6=nimp,9=imp
07_SG,21,1,horizontal,0=imp,1=imp,3=imp,4=imp,9=imp
07_SG,21,1,vertical,0=imp,1=imp,2=imp,4=imp,5=imp
07_SG,21,1,horizontal,0=imp,2=imp,3=imp,4=imp,5=imp
07_SG,21,1,horizontal,0=imp,1=imp,4=imp,5=imp,6=imp
07_SG,21,1,vertical,0=imp,1=imp,4=imp,5=imp,9=imp
07_SG,21,1,vertical,0=imp,1=imp,2=imp,3=imp,5=imp
07_SG,21,1,vertical,0=imp,1=imp,3=imp,5=imp,6=imp
07_SG,21,1,horizontal,0=imp,1=imp,3=imp,4=imp,5=imp
07_SG,21,1,horizontal,0=imp,1=imp,4=imp,6=imp,7=imp
07_SG,21,1,vertical,0=imp,1=imp,3=imp,6=imp,7=imp
07_SG,21,1,horizontal,0=imp,1=imp,3=imp,4=imp,6=imp
07_SG,21,1,horizontal,0=imp,1=imp,3=imp,4=imp,5=imp
07_SG,21,1,horizontal,0=imp,2=imp,3=nimp,5=imp,8=imp
07_SG,21,1,vertical,0=imp,2=imp,7=imp,8=nimp,9=imp
07_SG,21,1,vertical,0=imp,1=imp,2=imp,3=imp,4=imp
07_SG,21,1,horizontal,1=nimp,2=imp,5=imp,8=imp,9=imp
07_SG,21,1,vertical,0=imp,2=imp,3=imp,4=imp,9=imp
07_SG,21,1,vertical,0=imp,2=nimp,4=imp,7=nimp,9=imp
07_SG,21,1,vertical,0=imp,1=imp,2=imp,7=imp,9=imp
07_SG,21,1,vertical,0=imp,1=imp,3=imp,4=imp,7=imp
07_SG,21,1,vertical,0=imp,1=imp,3=imp,7=nimp,8=imp
08_AM,19,1,vertical,0=imp,1=imp,2=imp,4=imp,6=imp
08_AM,19,1,horizontal,0=imp,1=imp,2=imp,5=imp,7=imp
08_AM,19,1,horizontal,0=imp,1=imp,2=imp,3=imp,4=imp
08_AM,19,1,horizontal,0=imp,1=imp,2=imp,4=imp,8=imp
08_AM,19,1,horizontal,0=imp,1=imp,2=imp,4=imp,7=imp
08_AM,19,1,horizontal,0=imp,1=imp,2=imp,4=imp,5=nimp
08_AM,19,1,horizontal,0=imp,1=imp,3=imp,4=imp,5=imp
08_AM,19,1,vertical,0=imp,1=imp,2=imp,3=imp,4=imp
08_AM,19,1,vertical,2=imp,3=imp,4=imp,5=imp,6=nimp
08_AM,19,1,horizontal,0=imp,1=imp,2=imp,3=imp,5=imp
08_AM,19,1,horizontal,0=imp,1=imp,3=imp,4=imp,7=imp
08_AM,19,1,horizontal,0=imp,1=imp,3=imp,4=imp,8=nimp
08_AM,19,1,horizontal,0=imp,1=imp,2=imp,6=imp,9=imp
08_AM,19,1,vertical,2=imp,6=nimp,7=imp,8=imp,9=imp
08_AM,19,1,horizontal,0=imp,1=imp,2=imp,6=imp,7=imp
08_AM,19,1,horizontal,0=imp,1=imp,2=imp,4=imp,5=imp
08_AM,19,1,vertical,0=imp,1=imp,2=imp,3=imp,9=imp
08_AM,19,1,horizontal,2=imp,3=imp,5=imp,6=nimp,8=imp
08_AM,19,1,horizontal,0=imp,1=imp,4=imp,5=imp,9=imp
08_AM,19,1,horizontal,0=imp,2=imp,3=imp,4=imp,8=imp
08_AM,19,1,vertical,2=imp,3=imp,4=nimp,6=imp,8=nimp
08_AM,19,1,vertical,2=nimp,3=imp,4=imp,5=nimp,7=imp
08_AM,19,1,vertical,0=imp,1=imp,2=imp,3=imp,7=imp
08_AM,19,1,vertical,0=imp,1=imp,2=imp,3=imp,9=imp
08_AM,19,1,vertical,0=imp,1=imp,6=imp,7=imp,9=imp
08_AM,19,1,horizontal,0=imp,1=imp,2=imp,5=imp,9=imp
08_AM,19,1,vertical,0=imp,1=imp,2=imp,5=imp,7=imp
08_AM,19,1,horizontal,0=imp,2=imp,3=imp,6=imp,8=imp
08_AM,19,1,horizontal,0=imp,2=imp,3=imp,4=imp,8=imp
08_AM,19,1,vertical,0=imp,1=imp,2=imp,6=nimp,8=imp
08_AM,19,1,vertical,0=imp,1=imp,2=imp,3=imp,8=imp
08_AM,19,1,vertical,0=imp,2=imp,3=imp,4=imp,9=imp
08_AM,19,1,horizontal,0=imp,1=imp,2=imp,3=nimp,7=imp
08_AM,19,1,vertical,0=imp,1=imp,3=imp,6=imp,8=imp
08_AM,19,1,vertical,0=imp,1=imp,4=imp,7=imp,8=imp
08_AM,19,1,horizontal,0=imp,1=imp,3=imp,6=imp,9=imp
08_AM,19,1,horizontal,0=imp,1=imp,2=imp,3=imp,8=imp
08_AM,19,1,vertical,0=imp,1=imp,3=imp,4=imp,5=imp
08_AM,19,1,vertical,0=imp,1=imp,3=imp,4=imp,9=imp
08_AM,19,1,vertical,0=imp,1=imp,2=imp,3=imp,6=imp
08_AM,19,1,horizontal,0=imp,1=imp,3=imp,4=imp,6=imp
08_AM,19,1,vertical,0=imp,1=imp,2=imp,3=imp,4=imp
08_AM,19,1,vertical,0=imp,1=imp,2=imp,3=imp,4=imp
08_AM,19,1,vertical,0=imp,3=imp,5=imp,6=imp,9=imp
08_AM,19,1,vertical,0=imp,1=imp,2=imp,3=imp,9=imp
08_AM,19,1,vertical,0=imp,1=imp,4=imp,5=imp,9=nimp
08_AM,19,1,horizontal,0=imp,1=imp,2=imp,4=imp,5=imp
08_AM,19,1,vertical,0=imp,1=imp,2=imp,4=imp,8=imp
08_AM,19,1,vertical,0=imp,2=imp,4=nimp,5=imp,9=imp
08_AM,19,1,vertical,0=imp,1=imp,3=imp,4=imp,9=imp
08_AM,19,1,vertical,0=imp,2=imp,3=imp,7=imp,8=imp
08_AM,19,1,vertical,1=imp,3=imp,4=imp,6=imp,8=nimp
08_AM,19,1,horizontal,0=imp,1=imp,2=imp,3=imp,8=imp
08_AM,19,1,vertical,0=imp,1=imp,2=imp,4=imp,5=imp
08_AM,19,1,horizontal,0=imp,1=imp,5=imp,6=imp,7=imp
08_AM,19,1,horizontal,0=imp,1=imp,2=imp,4=imp,7=imp
08_AM,19,1,vertical,1=imp,4=nimp,5=imp,6=nimp,7=imp
08_AM,19,1,horizontal,0=imp,1=imp,3=imp,6=imp,8=nimp
08_AM,19,1,vertical,0=imp,1=imp,2=imp,3=imp,4=imp
08_AM,19,1,vertical,0=imp,1=imp,4=imp,6=imp,8=imp
08_AM,19,1,horizontal,0=imp,1=imp,2=imp,4=imp,7=imp
08_AM,19,1,horizontal,0=imp,1=imp,2=imp,6=imp,7=imp
08_AM,19,1,horizontal,0=imp,2=imp,3=imp,5=imp,7=imp
08_AM,19,1,horizontal,0=imp,1=imp,2=imp,5=imp,7=imp
08_AM,19,1,horizontal,0=imp,2=imp,4=imp,6=nimp,7=imp
08_AM,19,1,horizontal,0=imp,1=imp,2=imp,3=imp,6=imp
08_AM,19,1,horizontal,0=imp,1=imp,6=imp,7=imp,8=imp
08_AM,19,1,horizontal,0=imp,1=imp,2=imp,6=imp,8=imp
08_AM,19,1,horizontal,1=imp,3=imp,4=imp,5=nimp,7=imp
09_YL,22,1,vertical,0=imp,1=imp,3=imp,4=imp,9=imp
09_YL,22,1,horizontal,0=imp,1=imp,2=imp,3=imp,6=imp
09_YL,22,1,horizontal,0=imp,1=imp,2=imp,3=imp,7=imp
09_YL,22,1,vertical,0=imp,3=imp,4=imp,5=imp,6=imp
09_YL,22,1,vertical,0=imp,1=imp,2=imp,6=imp,9=nimp
09_YL,22,1,vertical,0=imp,4=imp,7=imp,8=nimp,9=nimp
09_YL,22,1,vertical,0=imp,2=imp,3=imp,4=nimp,6=imp
09_YL,22,1,vertical,0=imp,1=imp,2=imp,5=imp,6=nimp
09_YL,22,1,horizontal,0=imp,2=imp,3=nimp,6=nimp,7=imp
09_YL,22,1,horizontal,0=imp,1=imp,2=imp,3=imp,6=imp
09_YL,22,1,vertical,1=imp,2=nimp,3=imp,5=nimp,6=imp
09_YL,22,1,horizontal,0=imp,2=imp,4=nimp,6=imp,9=imp
09_YL,22,1,vertical,0=imp,1=imp,2=imp,6=imp,9=nimp
09_YL,22,1,horizontal,0=imp,1=imp,2=imp,5=imp,7=imp
09_YL,22,1,vertical,0=imp,1=imp,2=imp,4=imp,5=imp
09_YL,22,1,vertical,0=imp,2=imp,4=imp,7=imp,8=imp
09_YL,22,1,horizontal,0=imp,1=imp,2=imp,4=imp,6=nimp
09_YL,22,1,horizontal,1=imp,3=imp,4=imp,6=imp,9=nimp
09_YL,22,1,vertical,0=imp,1=imp,2=imp,3=imp,6=imp
09_YL,22,1,horizontal,0=imp,1=imp,2=imp,4=imp,9=imp
09_YL,22,1,horizontal,0=imp,2=imp,3=nimp,8=nimp,9=imp
09_YL,22,1,horizontal,0=imp,1=imp,2=imp,4=imp,6=imp
09_YL,22,1,horizontal,0=imp,2=nimp,4=imp,6=nimp,7=imp
09_YL,22,1,vertical,0=imp,1=imp,2=imp,7=imp,8=imp
09_YL,22,1,vertical,0=imp,1=imp,2=imp,3=imp,4=imp
09_YL,22,1,horizontal,0=imp,1=imp,2=imp,3=imp,7=imp
09_YL,22,1,vertical,0=imp,2=imp,3=imp,6=nimp,8=imp
09_YL,22,1,vertical,0=imp,1=imp,2=imp,3=imp,4=imp
09_YL,22,1,vertical,0=imp,1=imp,2=imp,7=nimp,9=imp
09_YL,22,1,vertical,1=imp,2=imp,4=nimp,5=nimp,8=imp
09_YL,22,1,horizontal,0=imp,1=imp,2=imp,4=imp,7=imp
09_YL,22,1,horizontal,0=imp,1=imp,4=imp,6=imp,8=imp
09_YL,22,1,vertical,0=imp,1=imp,2=imp,8=imp,9=imp
09_YL,22,1,horizontal,1=imp,4=imp,6=imp,7=imp,8=nimp
09_YL,22,1,vertical,0=imp,1=imp,2=imp,4=imp,5=imp
09_YL,22,1,horizontal,0=imp,1=imp,2=imp,3=imp,5=imp
09_YL,22,1,horizontal,0=imp,1=imp,2=imp,6=imp,7=imp
09_YL,22,1,vertical,0=imp,3=imp,5=imp,6=imp,9=nimp
09_YL,22,1,vertical,0=imp,2=nimp,4=imp,6=imp,8=nimp
09_YL,22,1,horizontal,0=imp,1=imp,4=imp,5=imp,8=imp
09_YL,22,1,horizontal,0=imp,1=imp,2=imp,3=imp,4=imp
09_YL,22,1,horizontal,0=imp,1=imp,2=imp,4=imp,6=imp
09_YL,22,1,horizontal,0=imp,1=imp,2=imp,3=imp,4=imp
09_YL,22,1,horizontal,0=imp,1=imp,2=imp,4=imp,6=imp
09_YL,22,1,vertical,0=imp,1=imp,4=imp,7=imp,9=nimp
09_YL,22,1,horizontal,0=imp,1=imp,2=nimp,5=nimp,6=imp
09_YL,22,1,horizontal,0=imp,1=imp,3=imp,4=imp,6=imp
09_YL,22,1,vertical,0=imp,1=imp,2=imp,4=imp,6=imp
09_YL,22,1,horizontal,0=imp,4=imp,6=imp,7=imp,8=imp
09_YL,22,1,horizontal,0=imp,1=imp,2=imp,5=imp,9=imp
09_YL,22,1,horizontal,0=imp,2=imp,4=imp,6=imp,9=nimp
09_YL,22,1,vertical,0=imp,1=imp,2=imp,3=imp,5=imp
09_YL,22,1,vertical,0=imp,1=imp,2=imp,6=imp,9=nimp
09_YL,22,1,horizontal,0=imp,1=imp,2=imp,5=imp,6=imp
09_YL,22,1,vertical,0=imp,1=imp,2=imp,4=imp,6=imp
09_YL,22,1,vertical,0=imp,1=imp,2=imp,3=imp,4=nimp
09_YL,22,1,vertical,0=imp,1=imp,3=imp,4=imp,6=nimp
09_YL,22,1,vertical,0=imp,1=imp,2=imp,6=imp,7=imp
09_YL,22,1,vertical,0=imp,1=imp,2=nimp,3=imp,4=imp
09_YL,22,1,horizontal,0=imp,2=imp,3=imp,5=imp,6=imp
10_TP,27,0,horizontal,0=imp,2=imp,4=imp,7=imp,9=imp
10_TP,27,0,vertical,0=imp,1=imp,2=imp,3=imp,9=imp
10_TP,27,0,vertical,0=imp,1=imp,2=imp,3=imp,9=nimp
10_TP,27,0,vertical,0=imp,2=imp,3=imp,7=imp,9=imp
10_TP,27,0,vertical,1=imp,3=imp,7=nimp,8=imp,9=imp
10_TP,27,0,horizontal,0=imp,1=imp,3=imp,4=imp,9=imp
10_TP,27,0,vertical,1=imp,2=imp,3=nimp,5=imp,9=nimp
10_TP,27,0,horizontal,0=imp,1=imp,2=imp,3=imp,5=imp
10_TP,27,0,vertical,0=imp,1=imp,2=imp,7=imp,8=imp
10_TP,27,0,vertical,3=nimp,4=imp,5=nimp,6=imp,7=nimp
10_TP,27,0,horizontal,0=imp,1=imp,2=imp,3=imp,5=nimp
10_TP,27,0,vertical,2=imp,3=nimp,4=imp,5=nimp,8=imp
10_TP,27,0,horizontal,2=imp,4=imp,5=nimp,7=nimp,9=imp
10_TP,27,0,vertical,0=imp,1=imp,2=imp,4=imp,6=imp
10_TP,27,0,horizontal,0=imp,3=imp,4=imp,6=nimp,9=nimp
10_TP,27,0,horizontal,0=imp,1=imp,3=imp,6=imp,8=nimp
10_TP,27,0,vertical,0=imp,1=imp,2=imp,4=imp,9=imp
10_TP,27,0,horizontal,0=imp,2=imp,7=imp,8=nimp,9=nimp
10_TP,27,0,vertical,2=imp,3=imp,5=nimp,8=nimp,9=nimp
10_TP,27,0,horizontal,0=imp,1=imp,3=imp,6=imp,7=imp
10_TP,27,0,horizontal,1=imp,2=imp,4=imp,7=imp,8=nimp
10_TP,27,0,vertical,1=imp,2=imp,5=imp,6=imp,8=nimp
10_TP,27,0,vertical,0=imp,1=imp,2=nimp,6=imp,7=nimp
10_TP,27,0,horizontal,0=imp,2=nimp,4=imp,8=imp,9=imp
10_TP,27,0,vertical,1=imp,2=imp,6=nimp,8=imp,9=nimp
10_TP,27,0,vertical,0=imp,1=imp,3=imp,4=imp,8=nimp
10_TP,27,0,horizontal,0=imp,1=imp,2=nimp,3=imp,9=imp
10_TP,27,0,horizontal,0=imp,1=imp,5=imp,8=nimp,9=imp
10_TP,27,0,vertical,0=imp,2=nimp,4=imp,6=imp,8=imp
10_TP,27,0,horizontal,0=imp,1=imp,2=imp,4=imp,8=nimp
10_TP,27,0,vertical,0=imp,2=imp,3=imp,6=imp,7=imp
10_TP,27,0,vertical,0=imp,1=imp,2=imp,3=imp,4=imp
10_TP,27,0,horizontal,0=imp,2=imp,3=imp,4=imp,9=nimp
10_TP,27,0,horizontal,0=imp,1=imp,3=imp,5=imp,9=imp
10_TP,27,0,horizontal,0=imp,2=imp,4=nimp,6=imp,7=imp
10_TP,27,0,horizontal,0=imp,1=imp,2=imp,3=imp,7=nimp
10_TP,27,0,horizontal,0=imp,1=imp,2=imp,4=nimp,6=imp
10_TP,27,0,horizontal,0=imp,2=imp,3=imp,5=imp,9=imp
10_TP,27,0,horizontal,0=imp,2=imp,3=imp,4=imp,7=imp
10_TP,27,0,horizontal,0=imp,1=imp,2=imp,3=imp,6=imp
10_TP,27,0,vertical,0=imp,1=imp,2=imp,4=nimp,6=imp
10_TP,27,0,horizontal,0=imp,1=imp,2=imp,7=imp,9=imp
10_TP,27,0,horizontal,0=imp,2=imp,3=imp,5=imp,9=nimp
10_TP,27,0,vertical,0=imp,1=imp,2=imp,3=imp,6=imp
10_TP,27,0,vertical,0=imp,1=imp,4=imp,7=imp,8=nimp
10_TP,27,0,horizontal,0=imp,1=imp,2=imp,7=nimp,8=nimp
10_TP,27,0,vertical,0=imp,2=imp,3=imp,5=nimp,6=imp
10_TP,27,0,horizontal,0=imp,1=imp,3=imp,7=nimp,9=imp
10_TP,27,0,vertical,0=imp,1=imp,2=imp,3=imp,7=imp
10_TP,27,0,horizontal,0=imp,1=imp,2=imp,5=imp,6=imp
10_TP,27,0,horizontal,0=imp,1=imp,3=imp,4=imp,6=nimp
10_TP,27,0,vertical,0=imp,1=imp,2=imp,4=imp,7=imp
10_TP,27,0,horizontal,0=imp,1=imp,2=imp,3=imp,9=nimp
10_TP,27,0,vertical,2=imp,3=nimp,7=imp,8=imp,9=nimp
10_TP,27,0,vertical,0=imp,5=nimp,6=imp,7=imp,9=nimp
10_TP,27,0,vertical,0=imp,1=imp,3=imp,4=imp,5=nimp
10_TP,27,0,vertical,0=imp,1=imp,2=imp,3=imp,7=imp
10_TP,27,0,vertical,0=imp,1=imp,2=imp,3=imp,9=imp
10_TP,27,0,vertical,0=imp,1=imp,3=imp,6=imp,9=imp
10_TP,27,0,horizontal,0=imp,1=imp,2=imp,6=imp,7=imp
11_KV,22,1,horizontal,0=imp,1=imp,3=imp,5=imp,6=nimp
11_KV,22,1,vertical,1=imp,3=nimp,5=imp,6=imp,9=nimp
11_KV,22,1,horizontal,0=imp,1=imp,2=imp,7=imp,9=nimp
11_KV,22,1,horizontal,0=imp,2=imp,5=imp,7=imp,8=nimp
11_KV,22,1,horizontal,0=imp,2=imp,4=imp,8=imp,9=nimp
11_KV,22,1,vertical,0=imp,3=imp,4=nimp,5=imp,8=imp
11_KV,22,1,horizontal,0=imp,1=imp,2=imp,4=imp,7=imp
11_KV,22,1,vertical,0=imp,1=imp,3=imp,5=imp,7=imp
11_KV,22,1,vertical,0=imp,2=nimp,4=nimp,6=imp,9=imp
11_KV,22,1,horizontal,0=imp,4=imp,5=imp,6=imp,8=nimp
11_KV,22,1,vertical,1=imp,3=imp,4=nimp,6=nimp,9=imp
11_KV,22,1,vertical,0=imp,1=imp,3=nimp,4=imp,6=imp
11_KV,22,1,horizontal,0=imp,2=imp,3=imp,5=imp,9=imp
11_KV,22,1,horizontal,2=imp,3=imp,4=imp,5=imp,6=nimp
11_KV,22,1,horizontal,0=imp,1=imp,3=imp,4=imp,5=nimp
11_KV,22,1,vertical,0=imp,2=imp,3=nimp,5=imp,8=imp
11_KV,22,1,vertical,0=imp,1=imp,4=imp,5=imp,7=nimp
11_KV,22,1,horizontal,1=imp,4=imp,5=nimp,6=nimp,7=nimp
11_KV,22,1,horizontal,0=imp,1=imp,4=imp,5=imp,8=imp
11_KV,22,1,vertical,0=imp,2=imp,7=imp,8=nimp,9=nimp
11_KV,22,1,horizontal,0=imp,1=imp,2=imp,6=imp,9=nimp
11_KV,22,1,vertical,0=imp,1=imp,3=imp,5=imp,9=nimp
11_KV,22,1,horizontal,1=imp,2=imp,3=imp,8=imp,9=nimp
11_KV,22,1,vertical,0=imp,1=imp,2=imp,4=imp,9=nimp
11_KV,22,1,horizontal,0=imp,1=imp,2=imp,5=imp,9=imp
11_KV,22,1,horizontal,0=imp,2=imp,3=imp,4=imp,5=imp
11_KV,22,1,vertical,2=nimp,3=imp,4=nimp,5=imp,9=imp
11_KV,22,1,horizontal,0=imp,2=imp,3=imp,4=imp,7=nimp
11_KV,22,1,vertical,1=imp,2=imp,5=imp,8=nimp,9=nimp
11_KV,22,1,vertical,0=imp,4=nimp,7=imp,8=nimp,9=imp
11_KV,22,1,vertical,0=imp,1=nimp,3=imp,6=imp,7=imp
11_KV,22,1,vertical,1=imp,5=imp,6=imp,7=nimp,8=nimp
11_KV,22,1,vertical,1=imp,2=imp,3=nimp,5=imp,9=nimp
11_KV,22,1,vertical,0=imp,1=imp,2=nimp,3=imp,4=imp
11_KV,22,1,horizontal,1=imp,2=imp,3=imp,6=nimp,9=imp
11_KV,22,1,vertical,0=imp,2=nimp,4=nimp,5=imp,8=imp
11_KV,22,1,horizontal,0=imp,1=imp,5=imp,6=nimp,9=nimp
11_KV,22,1,vertical,0=imp,1=nimp,4=imp,5=imp,6=nimp
11_KV,22,1,horizontal,0=imp,1=imp,3=imp,6=nimp,7=imp
11_KV,22,1,horizontal,0=imp,1=imp,2=imp,3=imp,9=imp
11_KV,22,1,horizontal,0=imp,1=imp,2=imp,3=imp,9=imp
11_KV,22,1,vertical,0=imp,1=imp,2=imp,4=imp,8=nimp
11_KV,22,1,horizontal,1=imp,2=imp,3=imp,4=imp,7=nimp
11_KV,22,1,vertical,0=imp,1=imp,2=imp,5=nimp,8=imp
11_KV,22,1,vertical,1=imp,2=nimp,3=imp,4=imp,7=imp
11_KV,22,1,vertical,0=imp,1=imp,2=imp,3=imp,7=nimp
11_KV,22,1,vertical,0=imp,1=imp,2=imp,4=imp,8=imp
11_KV,22,1,horizontal,0=imp,2=imp,3=imp,4=imp,5=nimp
11_KV,22,1,horizontal,0=imp,2=imp,4=imp,6=nimp,7=imp
11_KV,22,1,vertical,0=imp,1=imp,3=imp,5=imp,7=nimp
11_KV,22,1,vertical,1=imp,2=imp,3=nimp,4=imp,5=imp
11_KV,22,1,horizontal,0=imp,1=imp,2=nimp,4=imp,6=nimp
11_KV,22,1,vertical,0=imp,2=imp,5=imp,6=nimp,7=imp
11_KV,22,1,horizontal,1=imp,3=imp,5=nimp,6=imp,8=imp
11_KV,22,1,horizontal,0=imp,2=imp,3=imp,4=imp,7=nimp
11_KV,22,1,vertical,0=imp,1=imp,2=imp,3=imp,5=imp
11_KV,22,1,horizontal,0=imp,2=imp,5=imp,6=imp,7=nimp
11_KV,22,1,vertical,0=imp,1=imp,2=imp,4=imp,8=imp
11_KV,22,1,horizontal,0=imp,1=imp,2=imp,4=imp,6=nimp
11_KV,22,1,horizontal,0=imp,2=imp,3=imp,4=imp,7=nimp
12_AV,24,1,horizontal,0=imp,1=imp,2=imp,3=imp,5=imp
12_AV,24,1,horizontal,1=nimp,2=imp,3=imp,4=imp,5=imp
12_AV,24,1,horizontal,0=imp,2=imp,5=imp,6=imp,9=nimp
12_AV,24,1,horizontal,0=imp,1=imp,2=imp,6=imp,8=nimp
12_AV,24,1,horizontal,0=imp,1=imp,3=imp,8=imp,9=nimp
12_AV,24,1,horizontal,1=imp,2=imp,3=imp,4=imp,5=nimp
12_AV,24,1,horizontal,0=imp,2=imp,6=imp,7=nimp,9=nimp
12_AV,24,1,horizontal,0=imp,1=imp,2=imp,5=nimp,6=imp
12_AV,24,1,vertical,0=imp,1=imp,2=imp,3=imp,6=imp
12_AV,24,1,horizontal,1=imp,2=nimp,3=imp,4=imp,6=nimp
12_AV,24,1,horizontal,0=imp,1=imp,2=imp,3=imp,6=nimp
12_AV,24,1,vertical,0=imp,1=imp,3=imp,4=imp,7=imp
12_AV,24,1,vertical,0=imp,1=imp,2=imp,7=imp,8=imp
12_AV,24,1,horizontal,0=imp,1=imp,2=imp,5=imp,8=imp
12_AV,24,1,horizontal,0=imp,1=imp,3=imp,5=nimp,6=imp
12_AV,24,1,vertical,0=imp,1=imp,2=imp,3=imp,4=imp
12_AV,24,1,horizontal,0=imp,1=imp,3=imp,5=imp,9=imp
12_AV,24,1,horizontal,0=imp,1=imp,2=imp,3=imp,7=imp
12_AV,24,1,vertical,0=imp,2=imp,4=imp,5=imp,6=imp
12_AV,24,1,vertical,0=imp,1=imp,2=nimp,4=imp,5=nimp
12_AV,24,1,vertical,0=imp,3=imp,5=imp,6=imp,8=nimp
12_AV,24,1,horizontal,0=imp,1=imp,3=imp,4=imp,9=imp
12_AV,24,1,vertical,0=imp,1=imp,3=imp,4=imp,6=imp
12_AV,24,1,vertical,0=imp,2=imp,4=imp,7=nimp,8=imp
12_AV,24,1,horizontal,0=imp,1=imp,3=imp,4=imp,6=imp
12_AV,24,1,horizontal,0=imp,1=imp,2=imp,4=imp,6=imp
12_AV,24,1,vertical,2=imp,3=imp,5=imp,7=nimp,8=imp
12_AV,24,1,horizontal,0=imp,1=imp,2=nimp,5=imp,7=imp
12_AV,24,1,vertical,0=imp,1=imp,3=imp,7=imp,8=imp
12_AV,24,1,vertical,0=imp,2=imp,3=imp,5=imp,6=imp
12_AV,24,1,horizontal,0=imp,1=imp,2=imp,7=nimp,9=nimp
12_AV,24,1,vertical,0=imp,1=imp,2=imp,4=imp,9=nimp
12_AV,24,1,vertical,0=imp,1=imp,2=imp,6=imp,9=imp
12_AV,24,1,vertical,0=imp,1=imp,2=imp,6=imp,9=imp
12_AV,24,1,vertical,0=imp,1=imp,2=nimp,5=nimp,7=imp
12_AV,24,1,vertical,0=imp,1=imp,2=imp,3=imp,6=nimp
12_AV,24,1,vertical,0=imp,1=imp,4=imp,5=imp,8=imp
12_AV,24,1,vertical,0=imp,1=imp,2=imp,3=imp,8=nimp
12_AV,24,1,vertical,0=imp,2=imp,6=nimp,7=imp,8=nimp
12_AV,24,1,vertical,0=imp,4=imp,6=nimp,7=imp,9=imp
12_AV,24,1,vertical,2=imp,3=imp,4=imp,5=nimp,8=nimp
12_AV,24,1,vertical,0=imp,1=imp,2=imp,5=imp,6=imp
12_AV,24,1,vertical,1=imp,2=imp,3=imp,5=imp,8=nimp
12_AV,24,1,horizontal,0=imp,1=imp,2=imp,6=imp,8=imp
12_AV,24,1,horizontal,1=imp,3=imp,4=imp,7=nimp,9=imp
12_AV,24,1,horizontal,1=imp,2=nimp,3=imp,5=imp,9=nimp
12_AV,24,1,horizontal,0=imp,1=imp,3=imp,4=nimp,5=imp
12_AV,24,1,vertical,0=imp,1=imp,3=imp,5=nimp,7=imp
12_AV,24,1,vertical,0=imp,1=imp,2=imp,5=imp,8=nimp
12_AV,24,1,vertical,0=imp,1=imp,2=nimp,4=imp,8=imp
12_AV,24,1,horizontal,0=imp,2=imp,3=nimp,4=imp,6=imp
12_AV,24,1,horizontal,2=imp,3=imp,4=imp,5=nimp,8=imp
12_AV,24,1,horizontal,0=imp,1=imp,3=nimp,5=imp,6=imp
12_AV,24,1,horizontal,0=imp,1=imp,2=imp,5=imp,6=imp
12_AV,24,1,horizontal,0=imp,1=imp,2=nimp,7=nimp,9=imp
12_AV,24,1,vertical,0=imp,2=imp,5=imp,7=nimp,8=imp
12_AV,24,1,vertical,0=imp,1=imp,2=imp,3=imp,9=imp
12_AV,24,1,horizontal,0=imp,1=imp,2=imp,3=imp,8=imp
12_AV,24,1,horizontal,0=imp,1=imp,2=imp,3=imp,6=imp
12_AV,24,1,vertical,0=imp,1=imp,4=imp,5=imp,7=nimp
13_JB,28,0,horizontal,0=imp,2=imp,4=imp,5=nimp,8=imp
13_JB,28,0,horizontal,0=imp,1=imp,2=imp,4=imp,5=imp
13_JB,28,0,horizontal,0=imp,1=imp,3=imp,5=nimp,6=nimp
13_JB,28,0,vertical,0=imp,1=imp,3=imp,4=nimp,7=imp
13_JB,28,0,horizontal,0=imp,1=imp,2=imp,3=imp,5=imp
13_JB,28,0,horizontal,0=imp,1=imp,3=imp,4=imp,5=imp
13_JB,28,0,horizontal,0=imp,1=nimp,3=imp,4=imp,8=nimp
13_JB,28,0,horizontal,0=imp,2=imp,3=imp,4=imp,6=imp
13_JB,28,0,vertical,1=nimp,2=imp,6=nimp,8=imp,9=imp
13_JB,28,0,horizontal,0=imp,1=imp,2=imp,4=imp,5=imp
13_JB,28,0,vertical,0=imp,4=imp,5=nimp,7=imp,8=imp
13_JB,28,0,horizontal,0=imp,1=imp,3=imp,6=imp,9=nimp
13_JB,28,0,horizontal,0=imp,2=imp,3=imp,4=nimp,9=imp
13_JB,28,0,horizontal,0=imp,1=imp,2=imp,6=imp,7=imp
13_JB,28,0,vertical,0=imp,2=imp,3=imp,5=nimp,8=imp
13_JB,28,0,vertical,0=imp,3=imp,5=imp,6=imp,7=imp
13_JB,28,0,horizontal,0=imp,1=imp,2=imp,3=imp,4=imp
13_JB,28,0,vertical,0=imp,1=imp,2=imp,3=imp,6=nimp
13_JB,28,0,vertical,0=imp,2=imp,3=imp,7=imp,9=imp
13_JB,28,0,horizontal,0=imp,2=imp,3=imp,7=imp,8=imp
13_JB,28,0,horizontal,0=imp,1=imp,5=imp,7=imp,9=imp
13_JB,28,0,vertical,0=imp,2=imp,5=nimp,6=nimp,7=imp
13_JB,28,0,horizontal,0=imp,1=imp,4=imp,6=imp,8=imp
13_JB,28,0,vertical,1=nimp,2=imp,3=imp,4=imp,9=imp
13_JB,28,0,vertical,0=imp,1=imp,3=imp,4=imp,5=imp
13_JB,28,0,vertical,0=imp,1=imp,3=imp,4=imp,6=imp
13_JB,28,0,horizontal,0=imp,2=imp,3=imp,5=nimp,6=imp
13_JB,28,0,horizontal,0=imp,2=imp,4=imp,5=imp,9=imp
13_JB,28,0,horizontal,0=imp,1=imp,4=imp,5=imp,7=nimp
13_JB,28,0,vertical,0=imp,1=imp,2=imp,5=imp,6=nimp
13_JB,28,0,vertical,0=imp,2=imp,6=imp,8=imp,9=nimp
13_JB,28,0,horizontal,0=imp,1=imp,2=imp,3=imp,5=imp
13_JB,28,0,vertical,0=imp,1=imp,3=imp,5=imp,6=nimp
13_JB,28,0,vertical,0=imp,1=imp,3=imp,7=imp,8=imp
13_JB,28,0,vertical,0=imp,3=imp,7=nimp,8=nimp,9=imp
13_JB,28,0,vertical,0=imp,1=imp,3=imp,4=nimp,6=imp
13_JB,28,0,vertical,0=imp,2=imp,4=imp,5=imp,6=imp
13_JB,28,0,horizontal,0=imp,1=imp,3=imp,4=imp,5=imp
13_JB,28,0,horizontal,0=imp,1=imp,3=imp,4=nimp,9=imp
13_JB,28,0,horizontal,0=imp,1=imp,3=imp,4=imp,8=imp
13_JB,28,0,vertical,1=imp,2=nimp,3=imp,4=imp,8=imp
13_JB,28,0,vertical,0=imp,2=imp,3=imp,7=imp,9=imp
13_JB,28,0,horizontal,0=imp,1=imp,2=imp,3=imp,5=imp
13_JB,28,0,vertical,0=imp,1=imp,2=nimp,4=imp,5=imp
13_JB,28,0,horizontal,0=imp,1=imp,2=imp,4=imp,5=imp
13_JB,28,0,horizontal,0=imp,1=imp,2=imp,5=imp,6=imp
13_JB,28,0,vertical,2=imp,4=imp,5=imp,8=nimp,9=nimp
13_JB,28,0,vertical,0=imp,2=nimp,4=imp,5=nimp,8=imp
13_JB,28,0,vertical,0=imp,1=imp,2=nimp,3=imp,5=imp
13_JB,28,0,vertical,0=imp,1=imp,2=imp,5=nimp,8=nimp
13_JB,28,0,vertical,0=imp,1=imp,4=imp,7=imp,8=imp
13_JB,28,0,horizontal,0=imp,1=imp,3=imp,7=imp,8=imp
13_JB,28,0,horizontal,0=imp,1=imp,3=imp,4=imp,9=imp
13_JB,28,0,vertical,0=imp,2=imp,3=imp,4=imp,9=imp
13_JB,28,0,vertical,0=imp,2=imp,5=nimp,7=imp,8=nimp
13_JB,28,0,horizontal,0=imp,1=imp,2=imp,3=imp,6=imp
13_JB,28,0,vertical,2=nimp,3=imp,4=nimp,5=imp,8=imp
13_JB,28,0,horizontal,0=imp,1=imp,4=imp,5=imp,7=nimp
13_JB,28,0,vertical,0=imp,1=imp,4=imp,5=imp,8=imp
13_JB,28,0,horizontal,0=imp,2=imp,3=imp,5=imp,6=imp
14_KH,46,1,vertical,0=imp,1=nimp,2=imp,4=imp,5=imp
14_KH,46,1,horizontal,0=imp,2=imp,4=imp,5=imp,7=imp
14_KH,46,1,vertical,0=imp,1=imp,4=imp,7=nimp,9=nimp
14_KH,46,1,horizontal,0=imp,1=imp,2=imp,4=imp,5=imp
14_KH,46,1,horizontal,0=imp,1=imp,2=imp,6=imp,8=nimp
14_KH,46,1,horizontal,0=imp,1=imp,4=imp,8=nimp,9=nimp
14_KH,46,1,horizontal,0=imp,1=imp,3=imp,6=imp,9=imp
14_KH,46,1,horizontal,0=imp,1=imp,2=imp,3=nimp,5=imp
14_KH,46,1,vertical,0=imp,1=imp,2=imp,3=imp,9=imp
14_KH,46,1,horizontal,0=imp,1=imp,4=imp,5=imp,7=imp
14_KH,46,1,vertical,0=imp,2=imp,3=imp,6=nimp,9=imp
14_KH,46,1,horizontal,0=imp,1=imp,2=imp,3=imp,7=imp
14_KH,46,1,vertical,1=imp,2=nimp,5=imp,6=imp,7=imp
14_KH,46,1,vertical,1=nimp,2=imp,3=imp,6=imp,7=imp
14_KH,46,1,vertical,0=imp,3=imp,4=nimp,5=nimp,8=imp
14_KH,46,1,horizontal,0=imp,1=imp,2=imp,3=imp,5=nimp
14_KH,46,1,vertical,0=imp,3=imp,5=imp,7=imp,9=nimp
14_KH,46,1,vertical,0=imp,1=imp,4=imp,5=nimp,9=nimp
14_KH,46,1,horizontal,0=imp,1=imp,2=imp,3=imp,5=imp
14_KH,46,1,horizontal,0=imp,1=imp,4=imp,6=nimp,7=imp
14_KH,46,1,vertical,2=imp,3=imp,4=imp,6=nimp,9=imp
14_KH,46,1,vertical,1=imp,2=imp,4=imp,5=imp,8=nimp
14_KH,46,1,horizontal,0=imp,2=imp,4=nimp,5=imp,7=imp
14_KH,46,1,vertical,0=imp,3=imp,4=imp,6=imp,7=nimp
14_KH,46,1,horizontal,2=imp,4=imp,5=imp,6=nimp,8=imp
14_KH,46,1,horizontal,0=imp,2=imp,3=imp,5=imp,6=nimp
14_KH,46,1,vertical,2=imp,3=nimp,5=imp,8=nimp,9=imp
14_KH,46,1,horizontal,0=imp,1=imp,2=imp,4=imp,5=nimp
14_KH,46,1,horizontal,0=imp,1=imp,3=imp,6=imp,8=imp
14_KH,46,1,vertical,0=imp,3=nimp,5=imp,7=imp,8=imp
14_KH,46,1,vertical,1=imp,3=nimp,4=imp,5=nimp,9=imp
14_KH,46,1,vertical,0=imp,2=imp,3=imp,4=imp,7=imp
14_KH,46,1,vertical,1=nimp,2=imp,5=nimp,7=imp,9=nimp
14_KH,46,1,vertical,0=imp,1=imp,2=imp,7=imp,9=imp
14_KH,46,1,horizontal,0=imp,2=imp,3=imp,5=imp,8=imp
14_KH,46,1,horizontal,0=imp,3=imp,4=imp,5=nimp,6=imp
14_KH,46,1,vertical,0=imp,2=imp,4=imp,5=nimp,6=nimp
14_KH,46,1,vertical,0=imp,1=imp,2=imp,4=imp,5=imp
14_KH,46,1,horizontal,0=imp,2=imp,3=nimp,4=imp,7=imp
14_KH,46,1,horizontal,0=imp,1=imp,2=imp,3=imp,7=imp
14_KH,46,1,horizontal,1=imp,2=imp,4=imp,5=nimp,7=imp
14_KH,46,1,horizontal,0=imp,2=imp,4=imp,5=nimp,8=nimp
14_KH,46,1,horizontal,0=imp,2=imp,4=nimp,8=nimp,9=imp
14_KH,46,1,horizontal,0=imp,1=imp,3=imp,6=imp,7=imp
14_KH,46,1,vertical,0=imp,3=imp,4=nimp,6=nimp,7=imp
14_KH,46,1,horizontal,0=imp,1=imp,3=imp,4=imp,6=nimp
14_KH,46,1,vertical,0=imp,2=imp,3=nimp,5=imp,7=imp
14_KH,46,1,horizontal,2=nimp,3=imp,4=nimp,6=nimp,8=imp
14_KH,46,1,vertical,0=imp,1=imp,2=imp,4=imp,5=imp
14_KH,46,1,vertical,0=imp,1=imp,2=imp,4=imp,5=imp
14_KH,46,1,vertical,0=imp,1=imp,2=imp,4=nimp,7=imp
14_KH,46,1,vertical,0=imp,3=imp,5=nimp,6=imp,9=imp
14_KH,46,1,horizontal,0=imp,1=imp,4=nimp,5=imp,6=imp
14_KH,46,1,vertical,1=nimp,3=imp,6=imp,7=imp,8=imp
14_KH,46,1,horizontal,1=imp,2=nimp,3=imp,5=imp,6=imp
14_KH,46,1,vertical,0=imp,1=imp,2=imp,3=imp,5=imp
14_KH,46,1,vertical,0=imp,1=imp,2=imp,3=imp,9=imp
14_KH,46,1,horizontal,0=imp,1=imp,2=imp,3=imp,4=imp
14_KH,46,1,vertical,1=imp,4=nimp,5=imp,6=imp,7=nimp
14_KH,46,1,horizontal,1=imp,2=imp,3=nimp,4=imp,9=imp
15_ZD,20,1,horizontal,2=imp,4=imp,6=imp,7=imp,8=nimp
15_ZD,20,1,horizontal,2=imp,3=imp,5=nimp,6=nimp,9=nimp
15_ZD,20,1,vertical,0=imp,1=imp,2=imp,4=imp,7=imp
15_ZD,20,1,horizontal,0=imp,2=imp,3=imp,4=imp,5=imp
15_ZD,20,1,vertical,0=imp,1=imp,3=imp,4=nimp,6=nimp
15_ZD,20,1,vertical,0=imp,1=imp,2=imp,4=nimp,6=nimp
15_ZD,20,1,vertical,0=imp,2=imp,3=nimp,8=nimp,9=nimp
15_ZD,20,1,vertical,0=imp,1=imp,3=imp,6=imp,7=nimp
15_ZD,20,1,horizontal,0=imp,3=nimp,4=nimp,5=imp,7=nimp
15_ZD,20,1,horizontal,1=imp,3=imp,4=imp,5=nimp,7=imp
15_ZD,20,1,horizontal,1=imp,2=nimp,3=imp,4=imp,5=nimp
15_ZD,20,1,vertical,2=nimp,3=imp,5=nimp,8=nimp,9=imp
15_ZD,20,1,vertical,0=imp,2=imp,4=imp,5=nimp,7=imp
15_ZD,20,1,vertical,0=imp,1=imp,4=imp,5=nimp,6=imp
15_ZD,20,1,vertical,0=imp,1=imp,4=imp,5=nimp,6=imp
15_ZD,20,1,horizontal,1=imp,4=imp,5=imp,6=nimp,8=nimp
15_ZD,20,1,vertical,1=imp,2=imp,4=imp,5=nimp,9=imp
15_ZD,20,1,horizontal,0=imp,1=imp,2=imp,4=nimp,6=nimp
15_ZD,20,1,horizontal,1=imp,2=imp,5=nimp,6=nimp,9=nimp
15_ZD,20,1,horizontal,0=imp,1=imp,3=imp,4=imp,5=imp
15_ZD,20,1,vertical,0=imp,2=imp,4=imp,6=imp,8=nimp
15_ZD,20,1,horizontal,0=imp,2=imp,4=nimp,6=nimp,8=imp
15_ZD,20,1,vertical,0=imp,3=nimp,5=nimp,7=imp,8=nimp
15_ZD,20,1,horizontal,0=imp,1=imp,2=imp,3=imp,4=nimp
15_ZD,20,1,vertical,2=imp,3=imp,4=imp,5=imp,9=nimp
15_ZD,20,1,vertical,0=imp,1=imp,2=imp,4=imp,9=imp
15_ZD,20,1,horizontal,0=imp,1=imp,3=imp,4=nimp,6=nimp
15_ZD,20,1,vertical,0=imp,2=nimp,4=imp,5=imp,6=imp
15_ZD,20,1,vertical,1=nimp,2=imp,6=imp,7=nimp,9=nimp
15_ZD,20,1,horizontal,0=imp,1=imp,6=nimp,7=nimp,8=imp
15_ZD,20,1,vertical,0=imp,1=imp,3=imp,6=nimp,7=nimp
15_ZD,20,1,horizontal,0=imp,2=imp,3=imp,5=imp,7=nimp
15_ZD,20,1,horizontal,1=imp,2=imp,4=imp,5=nimp,6=imp
15_ZD,20,1,vertical,0=imp,1=imp,3=imp,5=imp,8=imp
15_ZD,20,1,horizontal,1=imp,2=imp,4=nimp,6=imp,7=nimp
15_ZD,20,1,horizontal,0=imp,4=nimp,5=nimp,6=imp,8=imp
15_ZD,20,1,vertical,0=imp,1=imp,2=nimp,4=nimp,6=imp
15_ZD,20,1,vertical,1=imp,2=imp,3=imp,5=imp,9=nimp
15_ZD,20,1,vertical,0=imp,1=imp,3=imp,4=imp,5=nimp
15_ZD,20,1,vertical,3=nimp,4=imp,5=imp,7=nimp,9=nimp
15_ZD,20,1,vertical,2=imp,3=imp,5=nimp,8=imp,9=nimp
15_ZD,20,1,horizontal,0=imp,1=imp,3=imp,5=imp,8=nimp
15_ZD,20,1,vertical,2=imp,3=imp,5=nimp,6=nimp,9=imp
15_ZD,20,1,vertical,0=imp,2=imp,3=imp,6=imp,8=nimp
15_ZD,20,1,vertical,0=imp,2=imp,4=imp,7=nimp,8=nimp
15_ZD,20,1,vertical,2=nimp,4=nimp,5=imp,6=imp,9=imp
15_ZD,20,1,vertical,1=imp,3=nimp,4=imp,7=imp,9=imp
15_ZD,20,1,horizontal,0=imp,2=nimp,3=imp,6=nimp,7=imp
15_ZD,20,1,horizontal,0=imp,1=imp,2=nimp,3=nimp,5=imp
15_ZD,20,1,horizontal,0=imp,1=imp,2=imp,4=nimp,6=imp
15_ZD,20,1,horizontal,0=imp,2=imp,3=imp,7=nimp,9=imp
15_ZD,20,1,horizontal,0=imp,4=imp,5=imp,8=nimp,9=imp
15_ZD,20,1,horizontal,0=imp,3=imp,4=nimp,6=imp,7=imp
15_ZD,20,1,horizontal,1=imp,2=imp,3=imp,4=nimp,5=nimp
15_ZD,20,1,horizontal,0=imp,1=imp,2=imp,4=nimp,6=nimp
15_ZD,20,1,vertical,2=imp,4=imp,7=nimp,8=nimp,9=nimp
15_ZD,20,1,horizontal,0=imp,1=imp,5=nimp,7=imp,9=nimp
15_ZD,20,1,horizontal,0=imp,2=imp,3=imp,4=imp,5=nimp
15_ZD,20,1,horizontal,0=imp,1=imp,2=nimp,3=imp,5=imp
15_ZD,20,1,vertical,0=imp,1=imp,2=nimp,5=imp,9=nimp
16_EH,24,1,horizontal,1=imp,2=imp,3=imp,5=nimp,9=nimp
16_EH,24,1,horizontal,0=imp,2=nimp,3=imp,5=imp,8=nimp
16_EH,24,1,horizontal,0=imp,1=imp,3=imp,4=imp,7=imp
16_EH,24,1,vertical,0=imp,1=imp,3=imp,4=imp,6=nimp
16_EH,24,1,horizontal,0=imp,2=imp,3=imp,5=imp,8=imp
16_EH,24,1,vertical,0=imp,1=nimp,3=imp,4=imp,7=imp
16_EH,24,1,vertical,0=imp,1=imp,2=imp,7=nimp,9=imp
16_EH,24,1,horizontal,0=imp,1=imp,3=nimp,4=imp,8=nimp
16_EH,24,1,vertical,0=imp,4=nimp,6=imp,8=imp,9=nimp
16_EH,24,1,horizontal,1=nimp,2=imp,3=imp,4=imp,6=imp
16_EH,24,1,horizontal,0=imp,1=imp,2=imp,3=imp,7=imp
16_EH,24,1,horizontal,3=imp,4=imp,6=imp,7=nimp,9=nimp
16_EH,24,1,horizontal,1=nimp,2=imp,3=imp,4=imp,6=imp
16_EH,24,1,horizontal,0=imp,2=imp,5=nimp,7=nimp,8=imp
16_EH,24,1,vertical,0=imp,2=imp,4=imp,6=imp,9=nimp
16_EH,24,1,horizontal,1=imp,2=imp,4=nimp,5=imp,7=nimp
16_EH,24,1,vertical,2=imp,3=nimp,4=imp,7=imp,9=nimp
16_EH,24,1,horizontal,0=imp,1=imp,2=imp,5=imp,9=nimp
16_EH,24,1,horizontal,0=imp,4=imp,5=imp,6=nimp,7=nimp
16_EH,24,1,vertical,1=imp,2=imp,4=nimp,6=nimp,7=imp
16_EH,24,1,vertical,1=imp,2=imp,5=nimp,6=nimp,8=nimp
16_EH,24,1,vertical,1=imp,2=imp,3=imp,5=nimp,6=imp
16_EH,24,1,vertical,0=imp,4=imp,5=imp,7=imp,8=nimp
16_EH,24,1,horizontal,0=imp,1=imp,4=imp,5=nimp,8=nimp
16_EH,24,1,vertical,0=imp,1=imp,2=imp,4=imp,6=imp
16_EH,24,1,vertical,1=imp,4=nimp,6=imp,7=nimp,9=imp
16_EH,24,1,horizontal,0=imp,1=imp,5=nimp,7=imp,9=imp
16_EH,24,1,vertical,0=imp,2=imp,4=imp,5=imp,6=imp
16_EH,24,1,horizontal,3=imp,5=imp,7=nimp,8=nimp,9=nimp
16_EH,24,1,horizontal,1=imp,3=imp,6=nimp,8=nimp,9=imp
16_EH,24,1,horizontal,1=imp,2=imp,3=nimp,5=imp,8=nimp
16_EH,24,1,vertical,1=imp,2=imp,3=nimp,5=imp,6=nimp
16_EH,24,1,vertical,0=imp,1=imp,3=nimp,6=imp,9=imp
16_EH,24,1,vertical,0=imp,1=imp,2=imp,8=nimp,9=imp
16_EH,24,1,horizontal,0=imp,1=imp,3=imp,8=imp,9=nimp
16_EH,24,1,horizontal,0=imp,1=imp,2=imp,5=imp,8=nimp
16_EH,24,1,vertical,0=imp,1=imp,4=nimp,6=imp,9=imp
16_EH,24,1,vertical,1=imp,2=nimp,6=nimp,8=nimp,9=nimp
16_EH,24,1,vertical,0=imp,1=imp,3=imp,4=imp,5=imp
16_EH,24,1,horizontal,0=imp,1=nimp,2=imp,4=imp,6=imp
16_EH,24,1,vertical,1=imp,2=imp,4=imp,7=nimp,8=imp
16_EH,24,1,horizontal,0=imp,1=imp,3=imp,6=imp,7=imp
16_EH,24,1,vertical,0=imp,2=nimp,3=imp,6=nimp,7=imp
16_EH,24,1,horizontal,0=imp,2=imp,3=imp,4=imp,6=imp
16_EH,24,1,horizontal,1=imp,2=imp,5=imp,8=nimp,9=nimp
16_EH,24,1,horizontal,1=imp,2=nimp,5=imp,7=imp,9=nimp
16_EH,24,1,vertical,2=imp,4=imp,5=nimp,6=imp,7=imp
16_EH,24,1,horizontal,0=imp,1=imp,2=imp,3=nimp,9=imp
16_EH,24,1,vertical,0=imp,2=imp,4=imp,6=nimp,7=imp
16_EH,24,1,horizontal,1=imp,2=imp,3=imp,5=nimp,7=imp
16_EH,24,1,vertical,0=imp,1=imp,3=imp,5=imp,6=imp
16_EH,24,1,vertical,1=imp,2=nimp,3=imp,7=nimp,8=nimp
16_EH,24,1,vertical,0=imp,1=imp,2=imp,5=imp,9=nimp
16_EH,24,1,vertical,0=imp,2=imp,3=nimp,5=nimp,8=nimp
16_EH,24,1,horizontal,0=imp,3=imp,5=imp,6=imp,8=nimp
16_EH,24,1,horizontal,0=imp,3=imp,6=nimp,7=nimp,9=imp
16_EH,24,1,horizontal,1=nimp,2=imp,4=imp,5=imp,9=nimp
16_EH,24,1,vertical,1=imp,4=nimp,5=nimp,7=nimp,8=imp
16_EH,24,1,vertical,0=imp,1=nimp,2=imp,3=imp,9=nimp
16_EH,24,1,vertical,0=imp,1=imp,3=imp,4=imp,5=imp
17_GS,22,0,vertical,0=imp,1=imp,3=nimp,6=imp,9=imp
17_GS,22,0,horizontal,0=imp,1=imp,2=imp,4=imp,7=imp
17_GS,22,0,horizontal,0=imp,1=imp,3=imp,4=imp,7=imp
17_GS,22,0,horizontal,0=imp,1=imp,2=imp,3=nimp,7=imp
17_GS,22,0,vertical,0=imp,1=imp,2=imp,3=imp,7=imp
17_GS,22,0,horizontal,1=imp,2=imp,4=imp,6=nimp,9=imp
17_GS,22,0,horizontal,0=imp,2=imp,3=imp,5=imp,6=imp
17_GS,22,0,vertical,0=imp,1=imp,2=imp,5=imp,7=imp
17_GS,22,0,horizontal,0=imp,1=imp,2=imp,3=imp,4=imp
17_GS,22,0,horizontal,0=imp,1=imp,2=imp,3=imp,5=imp
17_GS,22,0,horizontal,0=imp,2=imp,3=imp,4=imp,8=imp
17_GS,22,0,vertical,0=imp,1=imp,2=imp,4=imp,8=imp
17_GS,22,0,vertical,0=imp,1=imp,3=nimp,4=imp,6=imp
17_GS,22,0,horizontal,0=imp,2=imp,3=imp,4=imp,9=imp
17_GS,22,0,vertical,0=imp,1=imp,3=imp,4=imp,5=imp
17_GS,22,0,vertical,0=imp,1=imp,2=nimp,3=imp,4=imp
17_GS,22,0,horizontal,0=imp,3=imp,7=imp,8=nimp,9=imp
17_GS,22,0,horizontal,1=imp,2=imp,5=imp,8=imp,9=nimp
17_GS,22,0,vertical,0=imp,1=imp,3=imp,5=imp,8=imp
17_GS,22,0,horizontal,0=imp,2=imp,3=imp,6=imp,9=imp
17_GS,22,0,vertical,0=imp,1=imp,3=imp,4=imp,5=imp
17_GS,22,0,horizontal,0=imp,1=imp,2=imp,4=imp,7=imp
17_GS,22,0,horizontal,0=imp,1=imp,2=imp,3=imp,5=imp
17_GS,22,0,horizontal,0=imp,1=imp,2=imp,3=imp,5=imp
17_GS,22,0,horizontal,0=imp,1=imp,2=imp,5=imp,9=nimp
17_GS,22,0,vertical,0=imp,3=imp,4=imp,6=nimp,8=imp
17_GS,22,0,vertical,0=imp,3=imp,4=imp,5=imp,9=imp
17_GS,22,0,horizontal,0=imp,1=imp,2=imp,4=imp,6=nimp
17_GS,22,0,vertical,0=imp,1=imp,2=imp,4=imp,9=imp
17_GS,22,0,horizontal,0=imp,1=imp,2=imp,5=imp,8=nimp
17_GS,22,0,horizontal,0=imp,1=imp,3=imp,4=imp,6=imp
17_GS,22,0,vertical,2=imp,3=imp,5=imp,7=nimp,9=imp
17_GS,22,0,vertical,0=imp,1=imp,2=imp,3=imp,6=imp
17_GS,22,0,vertical,0=imp,1=imp,2=imp,6=imp,9=imp
17_GS,22,0,vertical,1=imp,2=imp,3=imp,8=nimp,9=imp
17_GS,22,0,horizontal,0=imp,1=imp,3=imp,6=imp,7=imp
17_GS,22,0,horizontal,0=imp,1=imp,3=imp,4=imp,5=imp
17_GS,22,0,vertical,0=imp,3=imp,5=nimp,8=imp,9=nimp
17_GS,22,0,vertical,0=imp,1=imp,2=imp,8=imp,9=imp
17_GS,22,0,horizontal,0=imp,2=imp,3=imp,4=nimp,5=imp
17_GS,22,0,horizontal,0=imp,1=imp,3=imp,4=imp,8=imp
17_GS,22,0,vertical,0=imp,1=imp,4=imp,5=imp,7=imp
17_GS,22,0,horizontal,2=imp,3=imp,4=imp,6=imp,8=nimp
17_GS,22,0,vertical,0=imp,1=imp,3=nimp,5=imp,6=imp
17_GS,22,0,vertical,0=imp,1=imp,2=imp,3=imp,9=imp
17_GS,22,0,horizontal,0=imp,2=imp,6=imp,7=nimp,9=imp
17_GS,22,0,vertical,0=imp,3=imp,4=nimp,5=imp,7=imp
17_GS,22,0,horizontal,0=imp,1=imp,2=imp,3=imp,7=imp
17_GS,22,0,horizontal,0=imp,1=imp,4=imp,6=imp,8=imp
17_GS,22,0,vertical,0=imp,2=imp,4=imp,5=nimp,8=imp
17_GS,22,0,vertical,0=imp,1=imp,2=imp,3=nimp,7=imp
17_GS,22,0,vertical,0=imp,1=imp,2=imp,4=imp,8=imp
17_GS,22,0,vertical,0=imp,2=imp,4=imp,5=imp,9=nimp
17_GS,22,0,vertical,0=imp,2=imp,3=imp,4=imp,6=imp
17_GS,22,0,horizontal,0=imp,1=imp,2=imp,3=imp,7=nimp
17_GS,22,0,horizontal,0=imp,1=imp,2=imp,4=imp,9=imp
17_GS,22,0,vertical,0=imp,1=imp,2=imp,5=imp,6=imp
17_GS,22,0,vertical,0=imp,2=imp,4=nimp,6=imp,8=imp
17_GS,22,0,horizontal,0=imp,2=imp,3=imp,5=imp,7=imp
17_GS,22,0,vertical,0=imp,1=imp,2=imp,5=imp,7=imp
18_MD,23,1,horizontal,0=imp,2=imp,4=imp,6=nimp,7=imp
18_MD,23,1,horizontal,0=imp,1=imp,2=imp,5=imp,6=imp
18_MD,23,1,vertical,0=imp,1=imp,2=imp,3=imp,9=nimp
18_MD,23,1,vertical,0=imp,1=imp,3=imp,5=imp,6=nimp
18_MD,23,1,vertical,0=imp,1=nimp,3=nimp,5=imp,7=imp
18_MD,23,1,vertical,0=imp,1=imp,2=imp,5=imp,8=nimp
18_MD,23,1,vertical,0=imp,1=imp,2=imp,3=imp,7=imp
18_MD,23,1,horizontal,0=imp,1=imp,3=imp,4=imp,5=imp
18_MD,23,1,vertical,0=imp,1=imp,4=imp,6=imp,9=imp
18_MD,23,1,vertical,0=imp,2=imp,4=imp,5=imp,6=nimp
18_MD,23,1,vertical,0=imp,1=imp,3=imp,5=imp,6=imp
18_MD,23,1,horizontal,0=imp,1=imp,2=imp,5=imp,8=imp
18_MD,23,1,horizontal,0=imp,2=imp,3=imp,4=imp,8=imp
18_MD,23,1,vertical,0=imp,1=imp,2=imp,4=imp,9=imp
18_MD,23,1,horizontal,0=imp,1=imp,2=imp,3=imp,4=imp
18_MD,23,1,horizontal,0=imp,1=imp,2=imp,4=imp,5=imp
18_MD,23,1,vertical,0=imp,2=imp,3=imp,4=imp,9=nimp
18_MD,23,1,vertical,0=imp,1=imp,5=imp,7=imp,8=imp
18_MD,23,1,vertical,0=imp,1=imp,2=imp,3=imp,6=imp
18_MD,23,1,vertical,0=imp,1=imp,4=imp,7=imp,9=imp
18_MD,23,1,horizontal,1=imp,2=imp,3=nimp,4=imp,5=imp
18_MD,23,1,vertical,0=imp,1=imp,5=imp,6=imp,8=imp
18_MD,23,1,vertical,0=imp,1=imp,2=nimp,4=imp,5=imp
18_MD,23,1,horizontal,0=imp,2=imp,4=imp,6=imp,8=nimp
18_MD,23,1,horizontal,0=imp,1=imp,3=imp,5=imp,9=imp
18_MD,23,1,horizontal,0=imp,1=imp,3=imp,5=nimp,8=imp
18_MD,23,1,vertical,0=imp,3=imp,4=imp,7=imp,9=nimp
18_MD,23,1,horizontal,0=imp,2=imp,3=imp,6=imp,9=imp
18_MD,23,1,vertical,0=imp,1=imp,2=imp,4=imp,5=imp
18_MD,23,1,vertical,2=imp,3=imp,4=imp,5=nimp,9=imp
18_MD,23,1,vertical,0=imp,2=imp,4=imp,6=imp,7=nimp
18_MD,23,1,horizontal,0=imp,1=imp,2=imp,5=imp,9=imp
18_MD,23,1,horizontal,0=imp,1=imp,5=imp,6=imp,8=imp
18_MD,23,1,horizontal,0=imp,1=imp,2=imp,4=imp,5=imp
18_MD,23,1,vertical,0=imp,1=imp,2=imp,3=imp,7=nimp
18_MD,23,1,horizontal,0=imp,2=imp,4=nimp,5=imp,6=imp
18_MD,23,1,vertical,1=imp,2=imp,3=imp,4=nimp,8=nimp
18_MD,23,1,vertical,0=imp,1=imp,3=imp,4=nimp,8=nimp
18_MD,23,1,vertical,0=imp,1=imp,3=imp,4=imp,5=nimp
18_MD,23,1,horizontal,0=imp,2=imp,3=imp,4=imp,9=imp
18_MD,23,1,horizontal,0=imp,3=imp,4=nimp,5=imp,7=nimp
18_MD,23,1,horizontal,0=imp,1=imp,2=imp,3=imp,4=nimp
18_MD,23,1,vertical,0=imp,1=imp,3=imp,4=imp,7=nimp
18_MD,23,1,horizontal,1=imp,2=imp,4=imp,5=imp,6=nimp
18_MD,23,1,vertical,0=imp,1=imp,3=nimp,4=imp,9=imp
18_MD,23,1,vertical,0=imp,2=nimp,6=nimp,8=imp,9=imp
18_MD,23,1,horizontal,0=imp,1=imp,2=imp,3=nimp,7=imp
18_MD,23,1,horizontal,0=imp,2=imp,5=imp,6=imp,8=imp
18_MD,23,1,horizontal,0=imp,1=imp,3=nimp,6=imp,8=nimp
18_MD,23,1,vertical,1=imp,2=nimp,3=imp,5=imp,9=nimp
18_MD,23,1,horizontal,0=imp,1=imp,2=imp,5=imp,9=imp
18_MD,23,1,vertical,0=imp,1=imp,2=imp,3=imp,4=imp
18_MD,23,1,horizontal,0=imp,1=imp,2=imp,4=imp,9=imp
18_MD,23,1,vertical,0=imp,1=imp,3=imp,4=imp,5=nimp
18_MD,23,1,horizontal,1=imp,2=imp,4=nimp,5=imp,8=imp
18_MD,23,1,horizontal,0=imp,1=imp,2=imp,3=imp,4=imp
18_MD,23,1,horizontal,0=imp,1=imp,3=imp,4=imp,7=imp
18_MD,23,1,vertical,0=imp,1=imp,3=imp,5=imp,7=imp
18_MD,23,1,horizontal,0=imp,1=nimp,2=imp,3=imp,6=imp
18_MD,23,1,horizontal,0=imp,1=imp,2=imp,5=imp,8=imp
18_MD,23,1,horizontal,0=imp,3=imp,4=imp,6=imp,9=nimp
18_MD,23,1,vertical,0=imp,1=imp,3=imp,8=imp,9=imp
18_MD,23,1,horizontal,0=imp,1=imp,2=imp,3=imp,6=imp
19_IL,21,1,vertical,0=imp,1=imp,3=imp,4=imp,5=imp
19_IL,21,1,vertical,0=imp,1=imp,2=imp,4=imp,9=imp
19_IL,21,1,horizontal,0=imp,3=imp,4=nimp,5=imp,6=imp
19_IL,21,1,vertical,0=imp,1=imp,4=imp,5=imp,7=imp
19_IL,21,1,horizontal,0=imp,1=imp,3=imp,7=imp,8=imp
19_IL,21,1,horizontal,0=imp,1=imp,2=imp,5=imp,6=imp
19_IL,21,1,vertical,1=imp,2=imp,3=imp,5=imp,6=nimp
19_IL,21,1,horizontal,0=imp,1=imp,2=imp,3=imp,9=imp
19_IL,21,1,vertical,2=imp,4=imp,5=imp,8=nimp,9=imp
19_IL,21,1,horizontal,0=imp,1=imp,2=imp,3=imp,5=imp
19_IL,21,1,vertical,0=imp,1=imp,4=imp,8=imp,9=imp
19_IL,21,1,horizontal,0=imp,1=imp,2=imp,5=imp,8=imp
19_IL,21,1,vertical,0=imp,1=imp,5=nimp,6=imp,7=imp
19_IL,21,1,horizontal,1=imp,2=imp,3=imp,5=nimp,6=imp
19_IL,21,1,vertical,0=imp,1=imp,3=imp,5=nimp,6=nimp
19_IL,21,1,vertical,0=imp,1=imp,2=imp,4=imp,8=imp
19_IL,21,1,horizontal,0=imp,1=imp,2=imp,3=imp,8=imp
19_IL,21,1,horizontal,0=imp,1=imp,3=imp,6=imp,7=imp
19_IL,21,1,horizontal,0=imp,1=imp,2=imp,4=imp,8=imp
19_IL,21,1,vertical,0=imp,1=imp,3=imp,4=imp,6=imp
19_IL,21,1,horizontal,0=imp,1=imp,2=imp,3=imp,4=imp
19_IL,21,1,vertical,0=imp,1=imp,2=imp,3=imp,6=imp
19_IL,21,1,horizontal,0=imp,2=imp,4=imp,5=imp,6=imp
19_IL,21,1,horizontal,0=imp,1=imp,2=imp,4=imp,6=imp
19_IL,21,1,horizontal,0=imp,1=imp,2=imp,4=imp,9=imp
19_IL,21,1,horizontal,0=imp,1=imp,2=imp,4=imp,5=imp
19_IL,21,1,horizontal,0=imp,1=imp,2=imp,6=imp,7=imp
19_IL,21,1,vertical,0=imp,1=imp,2=imp,5=imp,6=imp
19_IL,21,1,horizontal,0=imp,1=imp,3=imp,4=imp,6=imp
19_IL,21,1,horizontal,0=imp,1=imp,2=imp,4=imp,6=nimp
19_IL,21,1,horizontal,0=imp,1=imp,2=imp,3=imp,4=imp
19_IL,21,1,horizontal,0=imp,1=imp,2=imp,3=imp,5=imp
19_IL,21,1,vertical,0=imp,1=imp,2=imp,4=imp,5=imp
19_IL,21,1,horizontal,0=imp,1=imp,2=imp,4=imp,8=imp
19_IL,21,1,horizontal,0=imp,1=imp,2=imp,5=imp,6=imp
19_IL,21,1,vertical,0=imp,1=imp,3=imp,7=imp,8=imp
19_IL,21,1,vertical,0=imp,1=imp,5=imp,7=nimp,8=imp
19_IL,21,1,vertical,0=imp,2=imp,3=imp,4=imp,5=imp
19_IL,21,1,vertical,0=imp,2=imp,3=imp,4=imp,8=imp
19_IL,21,1,vertical,0=imp,1=imp,3=imp,7=imp,9=imp
19_IL,21,1,horizontal,0=imp,1=imp,4=imp,6=imp,9=imp
19_IL,21,1,vertical,0=imp,1=imp,2=imp,3=imp,4=imp
19_IL,21,1,horizontal,0=imp,1=imp,2=imp,3=imp,4=imp
19_IL,21,1,vertical,0=imp,1=imp,2=imp,3=imp,8=imp
19_IL,21,1,vertical,0=imp,1=imp,2=imp,3=imp,8=imp
19_IL,21,1,vertical,0=imp,2=imp,3=imp,5=imp,7=imp
19_IL,21,1,vertical,0=imp,1=imp,2=imp,5=imp,8=imp
19_IL,21,1,vertical,0=imp,2=imp,3=imp,5=imp,7=nimp
19_IL,21,1,horizontal,0=imp,2=imp,3=imp,5=imp,7=imp
19_IL,21,1,vertical,0=imp,1=imp,3=imp,4=nimp,7=nimp
19_IL,21,1,vertical,0=imp,1=imp,3=imp,4=imp,6=imp
19_IL,21,1,horizontal,0=imp,1=imp,2=imp,3=imp,4=imp
19_IL,21,1,horizontal,0=imp,1=imp,2=imp,3=imp,7=imp
19_IL,21,1,vertical,0=imp,1=imp,2=imp,5=imp,6=imp
19_IL,21,1,horizontal,0=imp,1=imp,3=imp,7=nimp,9=imp
19_IL,21,1,horizontal,0=imp,1=imp,2=imp,3=imp,6=imp
19_IL,21,1,vertical,0=imp,1=imp,4=imp,6=imp,8=imp
19_IL,21,1,vertical,0=imp,1=imp,2=imp,3=imp,9=imp
19_IL,21,1,vertical,0=imp,1=imp,2=imp,5=imp,7=imp
19_IL,21,1,horizontal,0=imp,1=imp,2=imp,3=imp,6=imp
20_LV,22,1,vertical,0=imp,1=imp,2=imp,3=imp,5=imp
20_LV,22,1,horizontal,0=imp,1=imp,3=imp,5=imp,7=imp
20_LV,22,1,vertical,0=imp,2=imp,3=imp,4=imp,9=imp
20_LV,22,1,horizontal,0=imp,1=imp,2=imp,3=imp,6=imp
20_LV,22,1,vertical,0=imp,1=imp,2=imp,7=nimp,8=imp
20_LV,22,1,vertical,0=imp,1=imp,4=imp,8=imp,9=imp
20_LV,22,1,horizontal,0=imp,1=imp,4=imp,5=imp,9=imp
20_LV,22,1,horizontal,0=imp,1=imp,2=imp,4=nimp,5=imp
20_LV,22,1,horizontal,0=imp,1=imp,4=imp,5=imp,6=imp
20_LV,22,1,horizontal,0=imp,1=imp,2=imp,4=imp,8=imp
20_LV,22,1,vertical,0=imp,1=imp,2=imp,6=imp,8=imp
20_LV,22,1,horizontal,0=imp,1=imp,2=imp,3=imp,8=imp
20_LV,22,1,vertical,0=imp,1=imp,2=imp,4=imp,7=imp
20_LV,22,1,vertical,0=imp,1=imp,2=imp,3=imp,7=imp
20_LV,22,1,vertical,0=imp,1=imp,2=imp,4=imp,5=imp
20_LV,22,1,horizontal,0=imp,1=imp,2=imp,6=imp,7=imp
20_LV,22,1,vertical,0=imp,1=imp,2=imp,4=imp,7=imp
20_LV,22,1,vertical,0=imp,1=imp,2=imp,4=imp,6=imp
20_LV,22,1,vertical,0=imp,1=imp,2=imp,4=imp,7=imp
20_LV,22,1,vertical,0=imp,1=imp,3=imp,8=imp,9=imp
20_LV,22,1,horizontal,0=imp,1=imp,3=imp,7=nimp,9=imp
20_LV,22,1,horizontal,0=imp,1=imp,4=imp,5=imp,8=imp
20_LV,22,1,vertical,0=imp,2=imp,3=imp,5=imp,8=imp
20_LV,22,1,horizontal,0=imp,1=imp,2=imp,5=imp,8=imp
20_LV,22,1,vertical,0=imp,1=imp,3=imp,5=imp,7=imp
20_LV,22,1,horizontal,0=imp,1=imp,2=imp,4=imp,7=imp
20_LV,22,1,horizontal,0=imp,1=imp,2=imp,3=imp,4=imp
20_LV,22,1,vertical,0=imp,1=imp,5=imp,6=imp,9=imp
20_LV,22,1,horizontal,0=imp,1=imp,2=imp,3=imp,9=imp
20_LV,22,1,horizontal,0=imp,1=imp,2=imp,5=imp,6=imp
20_LV,22,1,vertical,0=imp,1=imp,4=imp,6=imp,8=imp
20_LV,22,1,horizontal,0=imp,1=imp,2=imp,3=imp,5=imp
20_LV,22,1,vertical,0=imp,1=imp,3=imp,6=imp,7=nimp
20_LV,22,1,horizontal,0=imp,1=imp,2=imp,6=imp,8=imp
20_LV,22,1,vertical,0=imp,1=imp,2=imp,3=imp,7=imp
20_LV,22,1,horizontal,0=imp,1=imp,5=imp,6=imp,8=imp
20_LV,22,1,vertical,0=imp,1=imp,2=imp,6=imp,8=imp
20_LV,22,1,horizontal,0=imp,1=imp,2=imp,8=imp,9=nimp
20_LV,22,1,vertical,0=imp,1=imp,2=imp,3=imp,4=imp
20_LV,22,1,horizontal,0=imp,3=imp,4=imp,6=imp,8=nimp
20_LV,22,1,horizontal,0=imp,1=imp,2=imp,3=imp,4=imp
20_LV,22,1,horizontal,0=imp,1=imp,2=imp,3=imp,4=imp
20_LV,22,1,horizontal,0=imp,2=imp,3=imp,7=imp,9=imp
20_LV,22,1,vertical,0=imp,1=imp,3=imp,6=imp,9=imp
20_LV,22,1,horizontal,0=imp,1=imp,2=imp,3=imp,6=imp
20_LV,22,1,horizontal,0=imp,1=imp,2=imp,7=imp,9=imp
20_LV,22,1,horizontal,0=imp,1=imp,2=imp,5=nimp,6=imp
20_LV,22,1,vertical,0=imp,1=imp,4=imp,6=imp,8=imp
20_LV,22,1,vertical,0=imp,2=imp,4=imp,5=imp,6=nimp
20_LV,22,1,vertical,0=imp,1=imp,2=imp,3=imp,6=imp
20_LV,22,1,vertical,0=imp,4=imp,5=nimp,6=nimp,7=nimp
20_LV,22,1,vertical,0=imp,2=imp,4=imp,6=imp,8=imp
20_LV,22,1,horizontal,0=imp,1=imp,2=nimp,4=imp,5=imp
20_LV,22,1,vertical,0=imp,1=imp,4=imp,6=imp,8=imp
20_LV,22,1,vertical,0=imp,2=imp,3=imp,4=imp,5=nimp
20_LV,22,1,horizontal,0=imp,1=imp,3=imp,5=imp,6=imp
20_LV,22,1,horizontal,0=imp,1=imp,3=imp,4=imp,5=imp
20_LV,22,1,vertical,0=imp,2=imp,3=imp,5=imp,6=imp
20_LV,22,1,vertical,0=imp,1=imp,3=imp,4=imp,5=imp
20_LV,22,1,horizontal,0=imp,1=imp,4=imp,5=imp,9=imp
21_AT,20,1,vertical,0=imp,1=imp,3=imp,5=nimp,8=nimp
21_AT,20,1,horizontal,2=imp,3=imp,4=nimp,6=imp,8=nimp
21_AT,20,1,horizontal,0=imp,3=nimp,5=imp,6=nimp,7=imp
21_AT,20,1,vertical,0=imp,1=nimp,3=imp,8=nimp,9=imp
21_AT,20,1,horizontal,0=imp,1=imp,3=imp,4=imp,9=nimp
21_AT,20,1,horizontal,1=imp,3=imp,4=imp,5=nimp,8=nimp
21_AT,20,1,vertical,0=imp,2=imp,3=imp,4=nimp,7=nimp
21_AT,20,1,horizontal,1=imp,2=nimp,3=nimp,5=imp,6=nimp
21_AT,20,1,vertical,1=imp,2=nimp,3=imp,6=nimp,7=nimp
21_AT,20,1,vertical,0=imp,2=imp,5=nimp,6=nimp,9=imp
21_AT,20,1,vertical,0=imp,2=imp,7=nimp,8=imp,9=nimp
21_AT,20,1,horizontal,1=imp,4=imp,5=nimp,7=imp,9=nimp
21_AT,20,1,horizontal,0=imp,1=imp,2=imp,3=nimp,9=imp
21_AT,20,1,vertical,1=imp,2=nimp,4=imp,5=nimp,7=imp
21_AT,20,1,vertical,1=imp,2=imp,4=nimp,6=nimp,8=nimp
21_AT,20,1,vertical,0=imp,2=nimp,5=imp,8=imp,9=nimp
21_AT,20,1,vertical,0=imp,1=imp,3=imp,6=imp,8=nimp
21_AT,20,1,horizontal,1=imp,2=imp,3=imp,6=imp,7=nimp
21_AT,20,1,horizontal,0=imp,1=imp,2=imp,7=nimp,9=imp
21_AT,20,1,vertical,0=imp,1=imp,2=imp,4=nimp,6=nimp
21_AT,20,1,horizontal,0=imp,1=imp,2=imp,6=nimp,7=imp
21_AT,20,1,horizontal,0=imp,1=imp,2=imp,4=nimp,6=imp
21_AT,20,1,horizontal,0=imp,1=imp,2=imp,3=imp,6=imp
21_AT,20,1,horizontal,0=imp,3=nimp,4=imp,5=imp,7=nimp
21_AT,20,1,horizontal,0=imp,1=imp,3=nimp,4=imp,6=nimp
21_AT,20,1,vertical,2=imp,3=imp,5=imp,7=nimp,8=nimp
21_AT,20,1,vertical,1=imp,3=imp,5=nimp,6=nimp,7=nimp
21_AT,20,1,vertical,0=imp,2=imp,3=nimp,6=imp,7=imp
21_AT,20,1,vertical,0=imp,3=nimp,4=imp,5=imp,9=nimp
21_AT,20,1,horizontal,0=imp,2=imp,3=imp,4=imp,5=nimp
21_AT,20,1,horizontal,0=imp,2=imp,4=nimp,5=imp,8=nimp
21_AT,20,1,vertical,1=imp,3=nimp,4=imp,5=imp,9=imp
21_AT,20,1,vertical,0=imp,1=imp,2=imp,6=nimp,8=nimp
21_AT,20,1,horizontal,0=imp,1=imp,2=imp,3=imp,6=imp
21_AT,20,1,vertical,1=imp,2=imp,4=imp,7=nimp,9=imp
21_AT,20,1,vertical,0=imp,1=imp,4=imp,5=imp,6=nimp
21_AT,20,1,vertical,0=imp,1=imp,3=imp,5=nimp,7=nimp
21_AT,20,1,vertical,0=imp,4=imp,6=nimp,7=nimp,8=nimp
21_AT,20,1,vertical,0=imp,1=imp,6=imp,7=imp,8=nimp
21_AT,20,1,horizontal,2=imp,3=imp,6=nimp,7=nimp,9=imp
21_AT,20,1,vertical,0=imp,1=imp,2=imp,5=imp,7=imp
21_AT,20,1,vertical,0=imp,2=imp,3=nimp,6=imp,7=nimp
21_AT,20,1,horizontal,0=imp,1=imp,2=imp,3=nimp,4=nimp
21_AT,20,1,vertical,0=imp,1=imp,3=imp,4=imp,6=imp
21_AT,20,1,horizontal,0=imp,3=nimp,4=imp,8=imp,9=nimp
21_AT,20,1,vertical,0=imp,1=imp,3=imp,4=imp,6=nimp
21_AT,20,1,horizontal,0=imp,1=imp,2=imp,3=imp,5=nimp
21_AT,20,1,horizontal,0=imp,1=imp,2=nimp,3=imp,6=imp
21_AT,20,1,horizontal,0=imp,1=imp,4=nimp,7=nimp,8=imp
21_AT,20,1,vertical,0=imp,1=imp,2=imp,3=imp,7=nimp
21_AT,20,1,horizontal,2=imp,4=imp,5=nimp,6=nimp,8=imp
21_AT,20,1,horizontal,1=nimp,2=imp,3=imp,5=imp,7=nimp
21_AT,20,1,vertical,0=imp,1=nimp,2=imp,4=imp,5=imp
21_AT,20,1,horizontal,0=imp,1=imp,2=imp,3=imp,7=imp
21_AT,20,1,vertical,1=imp,2=imp,3=nimp,7=imp,9=imp
21_AT,20,1,horizontal,0=imp,1=imp,3=nimp,4=imp,7=imp
21_AT,20,1,horizontal,1=imp,2=imp,3=nimp,7=imp,9=nimp
21_AT,20,1,horizontal,0=imp,3=imp,4=imp,8=nimp,9=imp
21_AT,20,1,horizontal,1=imp,2=imp,4=nimp,5=nimp,8=imp
21_AT,20,1,vertical,0=imp,3=imp,5=imp,6=imp,7=imp
22_KV,23,0,vertical,0=imp,1=imp,3=imp,4=imp,6=imp
22_KV,23,0,horizontal,0=imp,1=imp,2=imp,3=imp,5=imp
22_KV,23,0,horizontal,0=imp,1=imp,3=imp,5=nimp,6=imp
22_KV,23,0,vertical,0=imp,3=imp,4=imp,6=nimp,7=imp
22_KV,23,0,vertical,1=imp,3=imp,5=nimp,6=imp,7=imp
22_KV,23,0,vertical,0=imp,2=imp,3=imp,4=imp,6=nimp
22_KV,23,0,horizontal,0=imp,1=imp,3=imp,5=nimp,6=imp
22_KV,23,0,vertical,0=imp,1=imp,3=imp,6=imp,8=imp
22_KV,23,0,vertical,0=imp,1=imp,2=imp,5=nimp,9=nimp
22_KV,23,0,horizontal,2=imp,3=imp,4=imp,5=nimp,9=imp
22_KV,23,0,vertical,0=imp,1=imp,2=nimp,3=imp,5=imp
22_KV,23,0,horizontal,0=imp,1=imp,2=imp,4=imp,5=imp
22_KV,23,0,horizontal,0=imp,1=imp,2=imp,4=imp,6=imp
22_KV,23,0,horizontal,0=imp,1=imp,2=imp,3=imp,4=nimp
22_KV,23,0,horizontal,0=imp,2=nimp,4=imp,7=imp,9=nimp
22_KV,23,0,horizontal,2=imp,4=imp,5=nimp,8=imp,9=nimp
22_KV,23,0,horizontal,0=imp,1=imp,3=imp,4=imp,6=imp
22_KV,23,0,vertical,0=imp,1=imp,3=imp,7=imp,9=imp
22_KV,23,0,vertical,0=imp,3=imp,7=imp,8=nimp,9=nimp
22_KV,23,0,vertical,2=imp,3=nimp,4=imp,5=imp,7=imp
22_KV,23,0,vertical,0=imp,1=imp,2=imp,4=imp,5=imp
22_KV,23,0,horizontal,0=imp,1=imp,2=imp,4=imp,7=imp
22_KV,23,0,horizontal,0=imp,1=imp,4=imp,5=imp,6=imp
22_KV,23,0,horizontal,0=imp,1=imp,2=imp,7=nimp,9=nimp
22_KV,23,0,vertical,2=imp,3=imp,5=nimp,8=nimp,9=nimp
22_KV,23,0,vertical,1=nimp,2=imp,4=nimp,5=imp,8=imp
22_KV,23,0,vertical,0=imp,1=imp,2=imp,3=imp,4=imp
22_KV,23,0,vertical,0=imp,3=nimp,5=imp,6=imp,8=imp
22_KV,23,0,horizontal,0=imp,3=imp,4=nimp,5=nimp,7=nimp
22_KV,23,0,horizontal,0=imp,1=imp,3=imp,5=imp,6=imp
22_KV,23,0,vertical,0=imp,1=imp,2=imp,8=imp,9=imp
22_KV,23,0,horizontal,0=imp,1=imp,2=imp,3=imp,7=imp
22_KV,23,0,vertical,0=imp,1=imp,5=imp,7=imp,9=imp
22_KV,23,0,vertical,0=imp,1=imp,2=imp,3=imp,4=imp
22_KV,23,0,horizontal,0=imp,1=imp,2=imp,3=imp,5=imp
22_KV,23,0,vertical,1=nimp,2=imp,5=imp,6=imp,9=imp
22_KV,23,0,horizontal,0=imp,1=imp,2=imp,3=nimp,4=nimp
22_KV,23,0,horizontal,0=imp,1=imp,2=imp,3=imp,4=imp
22_KV,23,0,vertical,0=imp,1=imp,2=imp,4=imp,7=imp
22_KV,23,0,horizontal,0=imp,1=imp,2=imp,5=imp,8=imp
22_KV,23,0,vertical,0=imp,1=imp,3=imp,6=nimp,8=imp
22_KV,23,0,vertical,0=imp,3=imp,4=imp,5=imp,8=imp
22_KV,23,0,vertical,0=imp,1=imp,3=imp,4=imp,8=imp
22_KV,23,0,vertical,0=imp,2=imp,3=imp,4=imp,8=nimp
22_KV,23,0,vertical,0=imp,1=imp,3=nimp,4=imp,8=imp
22_KV,23,0,horizontal,0=imp,1=imp,2=imp,4=imp,7=imp
22_KV,23,0,vertical,0=imp,1=imp,2=imp,4=imp,9=nimp
22_KV,23,0,horizontal,0=imp,3=imp,4=imp,6=nimp,9=imp
22_KV,23,0,horizontal,0=imp,3=imp,5=imp,6=imp,8=imp
22_KV,23,0,horizontal,0=imp,1=imp,2=imp,3=imp,4=imp
22_KV,23,0,horizontal,0=imp,1=imp,4=imp,7=nimp,8=imp
22_KV,23,0,vertical,1=imp,2=imp,3=imp,5=nimp,8=imp
22_KV,23,0,horizontal,0=imp,1=imp,2=imp,7=imp,9=imp
22_KV,23,0,horizontal,0=imp,1=imp,2=imp,5=imp,8=imp
22_KV,23,0,horizontal,0=imp,2=imp,3=imp,5=imp,8=imp
22_KV,23,0,horizontal,0=imp,1=imp,2=imp,5=imp,8=imp
22_KV,23,0,vertical,0=imp,1=imp,3=imp,4=imp,5=imp
22_KV,23,0,horizontal,0=imp,1=imp,2=imp,4=nimp,8=imp
22_KV,23,0,vertical,0=imp,1=imp,5=nimp,6=imp,9=imp
22_KV,23,0,vertical,1=imp,2=imp,3=nimp,5=imp,8=nimp
23_LK,22,1,horizontal,0=imp,4=imp,5=imp,6=nimp,9=imp
23_LK,22,1,vertical,0=imp,1=nimp,2=imp,3=imp,5=nimp
23_LK,22,1,vertical,0=imp,2=imp,3=imp,4=imp,9=imp
23_LK,22,1,horizontal,0=imp,1=imp,2=imp,6=imp,9=imp
23_LK,22,1,vertical,0=imp,1=imp,4=imp,8=nimp,9=imp
23_LK,22,1,vertical,0=imp,1=imp,3=nimp,4=imp,8=imp
23_LK,22,1,vertical,0=imp,2=imp,3=imp,5=nimp,7=nimp
23_LK,22,1,horizontal,0=imp,1=imp,3=nimp,5=imp,8=nimp
23_LK,22,1,horizontal,0=imp,2=imp,5=nimp,7=nimp,9=imp
23_LK,22,1,horizontal,0=imp,1=imp,3=nimp,7=imp,8=nimp
23_LK,22,1,horizontal,0=imp,1=imp,2=imp,3=imp,5=imp
23_LK,22,1,horizontal,0=imp,1=imp,3=imp,7=imp,9=nimp
23_LK,22,1,horizontal,0=imp,1=imp,3=nimp,7=nimp,9=imp
23_LK,22,1,horizontal,2=nimp,3=imp,4=nimp,6=imp,8=imp
23_LK,22,1,vertical,0=imp,1=imp,4=imp,7=imp,9=nimp
23_LK,22,1,vertical,4=nimp,5=imp,6=nimp,7=imp,8=imp
23_LK,22,1,horizontal,0=imp,1=imp,3=imp,6=nimp,8=imp
23_LK,22,1,vertical,0=imp,1=nimp,2=imp,3=imp,7=nimp
23_LK,22,1,horizontal,0=imp,1=imp,2=imp,6=nimp,8=imp
23_LK,22,1,horizontal,0=imp,1=imp,3=nimp,4=imp,5=imp
23_LK,22,1,vertical,0=imp,2=imp,3=imp,5=imp,8=nimp
23_LK,22,1,vertical,1=imp,2=imp,3=imp,4=imp,8=nimp
23_LK,22,1,vertical,0=imp,1=imp,3=nimp,6=imp,7=imp
23_LK,22,1,vertical,0=imp,1=imp,2=imp,3=imp,5=imp
23_LK,22,1,horizontal,0=imp,1=imp,2=imp,4=imp,5=nimp
23_LK,22,1,horizontal,0=imp,1=imp,2=imp,4=imp,5=imp
23_LK,22,1,horizontal,0=imp,2=imp,3=imp,5=imp,9=imp
23_LK,22,1,horizontal,0=imp,1=imp,2=imp,3=imp,4=imp
23_LK,22,1,vertical,0=imp,1=imp,3=imp,6=imp,8=nimp
23_LK,22,1,horizontal,0=imp,1=imp,3=imp,4=nimp,9=imp
23_LK,22,1,vertical,0=imp,1=imp,2=imp,3=imp,5=nimp
23_LK,22,1,vertical,0=imp,1=imp,2=imp,3=imp,7=nimp
23_LK,22,1,vertical,0=imp,1=imp,3=imp,4=imp,7=imp
23_LK,22,1,vertical,0=imp,1=imp,2=imp,4=imp,5=nimp
23_LK,22,1,horizontal,0=imp,1=imp,2=imp,5=imp,6=imp
23_LK,22,1,vertical,0=imp,1=nimp,2=imp,6=nimp,7=imp
23_LK,22,1,vertical,0=imp,1=imp,4=nimp,5=imp,6=imp
23_LK,22,1,horizontal,0=imp,1=imp,3=imp,6=imp,8=imp
23_LK,22,1,vertical,0=imp,2=imp,3=imp,4=imp,6=imp
23_LK,22,1,horizontal,0=imp,1=imp,3=nimp,5=imp,9=nimp
23_LK,22,1,horizontal,1=imp,3=imp,4=imp,6=nimp,9=imp
23_LK,22,1,horizontal,1=imp,3=nimp,6=imp,8=nimp,9=imp
23_LK,22,1,horizontal,0=imp,1=imp,5=nimp,7=imp,8=imp
23_LK,22,1,vertical,1=imp,2=imp,3=imp,5=imp,9=nimp
23_LK,22,1,horizontal,0=imp,1=imp,2=imp,4=imp,9=imp
23_LK,22,1,horizontal,0=imp,1=imp,3=imp,4=imp,5=nimp
23_LK,22,1,vertical,0=imp,1=imp,2=imp,5=imp,9=imp
23_LK,22,1,vertical,0=imp,1=imp,2=imp,3=imp,9=imp
23_LK,22,1,vertical,0=imp,2=imp,4=imp,7=imp,9=nimp
23_LK,22,1,vertical,0=imp,1=imp,2=imp,3=imp,8=imp
23_LK,22,1,horizontal,0=imp,1=imp,2=imp,4=imp,6=imp
23_LK,22,1,vertical,0=imp,1=nimp,3=imp,7=imp,9=imp
23_LK,22,1,horizontal,0=imp,3=imp,4=imp,5=imp,8=imp
23_LK,22,1,vertical,0=imp,2=imp,3=imp,5=imp,9=nimp
23_LK,22,1,vertical,0=imp,1=imp,2=imp,3=imp,5=nimp
23_LK,22,1,vertical,0=imp,1=imp,2=imp,3=imp,6=nimp
23_LK,22,1,horizontal,0=imp,1=imp,2=imp,3=imp,6=imp
23_LK,22,1,horizontal,0=imp,1=imp,3=imp,4=nimp,6=imp
23_LK,22,1,horizontal,0=imp,1=imp,2=imp,5=imp,9=imp
23_LK,22,1,vertical,0=imp,1=imp,3=imp,5=imp,9=imp
24_DT,23,1,vertical,0=imp,1=imp,4=nimp,6=imp,9=imp
24_DT,23,1,vertical,3=nimp,5=nimp,6=imp,8=imp,9=nimp
24_DT,23,1,horizontal,1=imp,3=imp,4=imp,5=nimp,9=imp
24_DT,23,1,horizontal,0=imp,1=imp,2=imp,3=imp,5=imp
24_DT,23,1,horizontal,1=imp,3=imp,4=imp,6=nimp,8=imp
24_DT,23,1,vertical,0=imp,1=imp,4=imp,7=imp,8=nimp
24_DT,23,1,vertical,0=imp,2=imp,3=imp,5=imp,9=nimp
24_DT,23,1,vertical,0=imp,1=imp,2=imp,3=imp,8=imp
24_DT,23,1,horizontal,0=imp,1=imp,2=imp,5=imp,7=nimp
24_DT,23,1,horizontal,0=imp,1=imp,3=imp,4=imp,5=imp
24_DT,23,1,horizontal,0=imp,2=imp,3=imp,6=imp,9=imp
24_DT,23,1,vertical,0=imp,3=imp,4=imp,6=nimp,9=nimp
24_DT,23,1,vertical,0=imp,1=imp,2=imp,3=imp,8=imp
24_DT,23,1,vertical,0=imp,5=imp,6=imp,8=nimp,9=imp
24_DT,23,1,horizontal,1=imp,2=imp,4=nimp,8=imp,9=nimp
24_DT,23,1,vertical,1=imp,2=imp,5=imp,6=nimp,8=nimp
24_DT,23,1,vertical,0=imp,1=imp,4=imp,6=imp,7=imp
24_DT,23,1,horizontal,0=imp,1=imp,5=nimp,6=nimp,7=imp
24_DT,23,1,vertical,1=imp,5=nimp,7=imp,8=imp,9=nimp
24_DT,23,1,vertical,0=imp,1=imp,2=imp,5=nimp,6=nimp
24_DT,23,1,horizontal,0=imp,3=imp,4=imp,6=nimp,9=nimp
24_DT,23,1,vertical,0=imp,1=imp,2=imp,3=imp,4=imp
24_DT,23,1,horizontal,0=imp,1=nimp,2=imp,3=imp,4=imp
24_DT,23,1,vertical,0=imp,1=nimp,3=imp,4=imp,7=imp
24_DT,23,1,vertical,2=imp,3=imp,4=imp,5=imp,7=nimp
24_DT,23,1,horizontal,0=imp,1=imp,2=nimp,5=imp,7=imp
24_DT,23,1,horizontal,0=imp,1=imp,2=imp,3=imp,9=imp
24_DT,23,1,vertical,0=imp,1=imp,6=nimp,8=imp,9=nimp
24_DT,23,1,vertical,0=imp,2=imp,4=nimp,6=nimp,8=nimp
24_DT,23,1,vertical,1=imp,3=imp,5=imp,6=nimp,7=imp
24_DT,23,1,vertical,0=imp,2=imp,3=imp,5=imp,8=nimp
24_DT,23,1,horizontal,0=imp,1=imp,2=imp,5=imp,8=imp
24_DT,23,1,vertical,0=imp,1=imp,3=imp,4=imp,6=imp
24_DT,23,1,vertical,0=imp,1=imp,4=imp,6=imp,9=imp
24_DT,23,1,horizontal,0=imp,1=imp,2=imp,5=imp,7=imp
24_DT,23,1,horizontal,1=imp,2=imp,5=nimp,6=imp,9=imp
24_DT,23,1,horizontal,0=imp,1=imp,2=imp,3=imp,5=imp
24_DT,23,1,horizontal,0=imp,1=imp,3=imp,6=nimp,7=imp
24_DT,23,1,horizontal,0=imp,1=imp,4=imp,5=nimp,6=imp
24_DT,23,1,horizontal,0=imp,1=imp,2=imp,4=imp,7=imp
24_DT,23,1,vertical,0=imp,1=imp,2=imp,4=imp,6=nimp
24_DT,23,1,vertical,0=imp,1=imp,2=imp,5=imp,7=imp
24_DT,23,1,horizontal,0=imp,1=imp,2=imp,3=imp,5=nimp
24_DT,23,1,horizontal,0=imp,1=imp,3=imp,4=imp,8=imp
24_DT,23,1,horizontal,0=imp,1=imp,4=imp,5=imp,8=imp
24_DT,23,1,vertical,1=imp,2=nimp,3=imp,7=imp,8=nimp
24_DT,23,1,horizontal,0=imp,1=imp,3=imp,5=imp,6=imp
24_DT,23,1,horizontal,0=imp,1=imp,3=imp,4=imp,9=imp
24_DT,23,1,horizontal,0=imp,1=imp,2=imp,3=imp,7=imp
24_DT,23,1,vertical,3=imp,4=nimp,5=nimp,7=imp,8=imp
24_DT,23,1,vertical,0=imp,1=imp,2=imp,3=imp,4=imp
24_DT,23,1,horizontal,0=imp,1=imp,3=imp,4=imp,7=imp
24_DT,23,1,vertical,1=imp,3=imp,7=nimp,8=nimp,9=imp
24_DT,23,1,horizontal,0=imp,1=imp,2=imp,4=imp,5=imp
24_DT,23,1,vertical,0=imp,1=imp,4=imp,5=imp,6=imp
24_DT,23,1,horizontal,0=imp,1=imp,2=imp,4=imp,8=nimp
24_DT,23,1,vertical,0=imp,1=imp,3=imp,4=imp,9=imp
24_DT,23,1,vertical,0=imp,4=imp,6=imp,7=imp,9=imp
24_DT,23,1,horizontal,1=imp,2=imp,4=nimp,5=imp,6=imp
24_DT,23,1,horizontal,0=imp,1=imp,3=imp,5=imp,6=nimp
25_NJ,24,0,vertical,0=imp,2=imp,4=imp,6=nimp,9=imp
25_NJ,24,0,vertical,0=imp,1=imp,3=imp,5=imp,6=imp
25_NJ,24,0,horizontal,0=imp,2=imp,3=imp,4=nimp,5=imp
25_NJ,24,0,vertical,0=imp,1=imp,3=imp,4=imp,5=imp
25_NJ,24,0,horizontal,0=imp,3=imp,4=nimp,5=imp,6=imp
25_NJ,24,0,vertical,1=imp,2=nimp,3=imp,4=imp,6=imp
25_NJ,24,0,horizontal,0=imp,1=imp,2=imp,4=imp,9=imp
25_NJ,24,0,vertical,0=imp,2=nimp,4=imp,5=imp,7=imp
25_NJ,24,0,horizontal,0=imp,1=imp,2=imp,5=imp,7=imp
25_NJ,24,0,horizontal,0=imp,1=imp,2=imp,3=imp,6=imp
25_NJ,24,0,vertical,0=imp,1=imp,4=imp,5=imp,6=nimp
25_NJ,24,0,vertical,0=imp,1=imp,2=imp,4=imp,5=imp
25_NJ,24,0,vertical,0=imp,1=imp,2=imp,5=imp,7=imp
25_NJ,24,0,vertical,0=imp,1=imp,2=imp,7=imp,9=imp
25_NJ,24,0,horizontal,0=imp,1=imp,3=imp,6=imp,7=nimp
25_NJ,24,0,horizontal,0=imp,2=imp,3=imp,4=imp,6=imp
25_NJ,24,0,horizontal,1=imp,2=imp,4=imp,6=nimp,7=imp
25_NJ,24,0,vertical,0=imp,1=imp,2=imp,6=imp,8=imp
25_NJ,24,0,vertical,1=imp,3=nimp,4=imp,7=imp,8=imp
25_NJ,24,0,vertical,0=imp,1=imp,3=imp,4=imp,6=imp
25_NJ,24,0,horizontal,0=imp,1=imp,4=imp,8=imp,9=imp
25_NJ,24,0,vertical,0=imp,1=imp,4=imp,6=imp,8=imp
25_NJ,24,0,horizontal,0=imp,1=imp,3=imp,4=imp,8=imp
25_NJ,24,0,horizontal,0=imp,1=imp,4=imp,5=imp,7=imp
25_NJ,24,0,horizontal,0=imp,1=imp,2=imp,3=imp,6=imp
25_NJ,24,0,horizontal,0=imp,2=imp,5=imp,6=imp,8=imp
25_NJ,24,0,vertical,0=imp,1=nimp,2=imp,5=imp,6=imp
25_NJ,24,0,horizontal,0=imp,1=imp,3=imp,5=imp,6=imp
25_NJ,24,0,horizontal,0=imp,1=imp,2=imp,6=imp,9=imp
25_NJ,24,0,horizontal,0=imp,1=imp,2=imp,5=imp,6=imp
25_NJ,24,0,horizontal,0=imp,1=imp,3=imp,4=imp,6=imp
25_NJ,24,0,horizontal,0=imp,1=imp,3=imp,4=imp,5=imp
25_NJ,24,0,horizontal,0=imp,1=imp,2=imp,4=imp,7=imp
25_NJ,24,0,horizontal,0=imp,1=imp,4=imp,6=imp,9=imp
25_NJ,24,0,horizontal,0=imp,1=imp,2=imp,3=imp,7=imp
25_NJ,24,0,horizontal,0=imp,1=imp,2=imp,6=imp,9=imp
25_NJ,24,0,vertical,0=imp,1=imp,2=imp,3=imp,5=imp
25_NJ,24,0,horizontal,0=imp,1=imp,2=imp,3=imp,4=imp
25_NJ,24,0,vertical,0=imp,2=imp,4=imp,6=imp,8=imp
25_NJ,24,0,vertical,0=imp,1=imp,2=imp,4=imp,5=imp
25_NJ,24,0,vertical,0=imp,2=imp,3=imp,4=imp,8=imp
25_NJ,24,0,vertical,0=imp,2=imp,3=imp,5=imp,7=imp
25_NJ,24,0,horizontal,0=imp,1=imp,2=imp,3=imp,4=imp
25_NJ,24,0,vertical,0=imp,1=imp,4=imp,5=imp,7=imp
25_NJ,24,0,vertical,0=imp,2=imp,4=imp,5=imp,7=imp
25_NJ,24,0,vertical,0=imp,1=imp,2=imp,4=imp,6=imp
25_NJ,24,0,vertical,0=imp,1=imp,2=imp,5=imp,8=imp
25_NJ,24,0,horizontal,0=imp,1=imp,2=imp,7=imp,9=imp
25_NJ,24,0,horizontal,0=imp,1=imp,2=imp,4=imp,7=imp
25_NJ,24,0,horizontal,0=imp,1=imp,2=imp,8=imp,9=imp
25_NJ,24,0,vertical,0=imp,1=imp,3=imp,4=imp,8=imp
25_NJ,24,0,horizontal,0=imp,2=imp,4=imp,5=imp,7=imp
25_NJ,24,0,horizontal,0=imp,1=imp,3=imp,4=imp,6=nimp
25_NJ,24,0,vertical,0=imp,1=imp,2=imp,3=imp,7=imp
25_NJ,24,0,horizontal,0=imp,2=imp,3=imp,4=imp,6=imp
25_NJ,24,0,horizontal,0=imp,1=imp,2=imp,3=imp,4=imp
25_NJ,24,0,vertical,0=imp,1=imp,2=imp,3=imp,8=imp
25_NJ,24,0,vertical,0=imp,1=imp,3=imp,6=nimp,9=imp
25_NJ,24,0,horizontal,0=imp,1=imp,2=imp,4=imp,5=imp
25_NJ,24,0,vertical,0=imp,1=imp,3=imp,4=imp,5=imp
25_NJ,24,0,horizontal,0=imp,1=imp,2=imp,4=imp,6=imp
25_NJ,24,0,vertical,0=imp,1=imp,2=imp,4=imp,6=imp
25_NJ,24,0,vertical,0=imp,1=imp,2=imp,3=imp,6=imp
25_NJ,24,0,vertical,0=imp,1=imp,2=imp,3=imp,4=imp
25_NJ,24,0,vertical,0=imp,2=imp,5=imp,7=imp,8=imp
25_NJ,24,0,vertical,0=imp,2=imp,3=imp,4=imp,6=imp
25_NJ,24,0,horizontal,0=imp,1=imp,2=imp,3=imp,4=imp
25_NJ,24,0,horizontal,0=imp,1=imp,2=imp,8=imp,9=imp
25_NJ,24,0,vertical,0=imp,1=imp,2=imp,4=imp,5=imp
25_NJ,24,0,vertical,0=imp,1=imp,3=imp,4=imp,9=imp
25_NJ,24,0,vertical,0=imp,1=imp,2=imp,5=imp,8=imp
25_NJ,24,0,vertical,0=imp,1=imp,2=imp,3=imp,8=imp
25_NJ,24,0,horizontal,0=imp,1=imp,2=imp,4=imp,9=imp
25_NJ,24,0,horizontal,0=imp,1=imp,2=imp,7=imp,8=imp
25_NJ,24,0,vertical,0=imp,1=imp,2=imp,6=imp,9=imp
25_NJ,24,0,vertical,0=imp,1=imp,3=imp,4=imp,8=imp
25_NJ,24,0,vertical,0=imp,2=imp,5=imp,6=imp,8=imp
25_NJ,24,0,horizontal,0=imp,1=imp,2=imp,3=imp,6=imp
25_NJ,24,0,horizontal,0=imp,1=imp,2=imp,4=imp,8=nimp
25_NJ,24,0,horizontal,0=imp,1=imp,2=imp,3=imp,6=imp
25_NJ,24,0,horizontal,0=imp,1=imp,2=imp,6=imp,9=imp
25_NJ,24,0,vertical,0=imp,1=imp,2=imp,4=imp,5=imp
25_NJ,24,0,horizontal,0=imp,1=imp,3=imp,4=imp,5=imp
25_NJ,24,0,vertical,0=imp,1=imp,3=imp,4=imp,8=imp
25_NJ,24,0,horizontal,0=imp,1=imp,2=imp,4=imp,6=imp
25_NJ,24,0,vertical,0=imp,1=imp,2=imp,4=imp,9=imp
25_NJ,24,0,vertical,0=imp,1=imp,2=imp,5=nimp,8=imp
25_NJ,24,0,horizontal,0=imp,1=imp,2=imp,3=imp,9=imp
